[
  {
    "line": 20,
    "elements": [
      {
        "line": 25,
        "name": "User comes to the website",
        "description": "",
        "type": "background",
        "keyword": "Background",
        "steps": [
          {
            "result": {
              "duration": 8173460000,
              "status": "passed"
            },
            "line": 26,
            "name": "User opens browser",
            "match": {
              "location": "FlightsPage.user_opens_browser()"
            },
            "keyword": "Given "
          }
        ]
      },
      {
        "before": [
          {
            "result": {
              "duration": 20429700,
              "status": "passed"
            },
            "match": {
              "location": "JsonData.readJsonData()"
            }
          }
        ],
        "line": 60,
        "name": "User Searches for Flights (RoundTrip) and applies Filters",
        "description": "",
        "id": "sign-in-and-flightspage;user-searches-for-flights-(roundtrip)-and-applies-filters",
        "type": "scenario",
        "keyword": "Scenario",
        "steps": [
          {
            "result": {
              "duration": 3160131300,
              "status": "passed"
            },
            "line": 61,
            "name": "User comes to Flights Page and verifies the element",
            "match": {
              "location": "FlightsPage.user_comes_to_flights_page_verifies()"
            },
            "keyword": "Given "
          },
          {
            "result": {
              "duration": 13110079700,
              "status": "passed"
            },
            "line": 62,
            "name": "User selects fixed source and destination",
            "match": {
              "location": "FlightsPage.user_selects_fixed_source_destination()"
            },
            "keyword": "When "
          },
          {
            "result": {
              "duration": 9978147100,
              "status": "passed"
            },
            "line": 63,
            "name": "User selects Departing and Returning dates",
            "match": {
              "location": "FlightsPage.user_selects_departing_returning_dates()"
            },
            "keyword": "When "
          },
          {
            "result": {
              "duration": 11676870700,
              "status": "passed"
            },
            "line": 64,
            "name": "User selects number of travellers",
            "match": {
              "location": "FlightsPage.user_selects_number_of_Travellers()"
            },
            "keyword": "When "
          },
          {
            "result": {
              "duration": 28541561600,
              "status": "passed"
            },
            "line": 65,
            "name": "User clicks the checkBoxes and clicks search button",
            "match": {
              "location": "FlightsPage.user_clicks_the_checkboxes()"
            },
            "keyword": "When "
          },
          {
            "result": {
              "duration": 50901948300,
              "status": "passed"
            },
            "line": 66,
            "name": "User applies popular filters",
            "match": {
              "location": "FlightsPage.user_applies_popularFilters()"
            },
            "keyword": "When "
          },
          {
            "result": {
              "duration": 17034357000,
              "status": "passed"
            },
            "line": 67,
            "name": "User applies Stays filter",
            "match": {
              "location": "FlightsPage.user_applies_stays_filter()"
            },
            "keyword": "When "
          },
          {
            "result": {
              "duration": 33817185800,
              "status": "passed"
            },
            "line": 68,
            "name": "user applies Amenities filter",
            "match": {
              "location": "FlightsPage.user_applies_amenities_filter()"
            },
            "keyword": "When "
          },
          {
            "result": {
              "duration": 21354377300,
              "status": "passed"
            },
            "line": 69,
            "name": "user applies price filter",
            "match": {
              "location": "FlightsPage.user_applies_price_filter()"
            },
            "keyword": "When "
          },
          {
            "result": {
              "duration": 17346921200,
              "status": "passed"
            },
            "line": 70,
            "name": "User applies Star rating filter",
            "match": {
              "location": "FlightsPage.user_applies_starRating_filters()"
            },
            "keyword": "When "
          }
        ],
        "tags": [
          {
            "name": "@tag"
          },
          {
            "name": "@RoundTripFilters"
          }
        ]
      }
    ],
    "name": "Sign In and FlightsPage",
    "description": "",
    "id": "sign-in-and-flightspage",
    "keyword": "Feature",
    "uri": "C:/Users/shres/git/Demo-WebSite/Include/features/FlightsPage.feature",
    "tags": [
      {
        "name": "@tag",
        "type": "Tag",
        "location": {
          "line": 19,
          "column": 1
        }
      }
    ]
  }
]