[
  {
    "line": 20,
    "elements": [
      {
        "BDD_TESTRUN_UUID": "6010afae-084c-40c7-b9c6-14011d480f4b",
        "line": 25,
        "name": "User comes to the website",
        "description": "",
        "type": "background",
        "keyword": "Background",
        "steps": [
          {
            "result": {
              "duration": 8173460000,
              "status": "passed"
            },
            "line": 26,
            "name": "User opens browser",
            "match": {
              "location": "FlightsPage.user_opens_browser()"
            },
            "keyword": "Given ",
            "BDD_STEP_UUID": "091798f1-f6be-4bef-8d16-3c28605a530c"
          }
        ]
      },
      {
        "BDD_TESTRUN_UUID": "6010afae-084c-40c7-b9c6-14011d480f4b",
        "before": [
          {
            "result": {
              "duration": 20429700,
              "status": "passed"
            },
            "match": {
              "location": "JsonData.readJsonData()"
            }
          }
        ],
        "line": 60,
        "name": "User Searches for Flights (RoundTrip) and applies Filters",
        "description": "",
        "id": "sign-in-and-flightspage;user-searches-for-flights-(roundtrip)-and-applies-filters",
        "type": "scenario",
        "keyword": "Scenario",
        "steps": [
          {
            "result": {
              "duration": 3160131300,
              "status": "passed"
            },
            "line": 61,
            "name": "User comes to Flights Page and verifies the element",
            "match": {
              "location": "FlightsPage.user_comes_to_flights_page_verifies()"
            },
            "keyword": "Given ",
            "BDD_STEP_UUID": "5d20302c-e10b-4718-9d38-f07331a38377"
          },
          {
            "result": {
              "duration": 13110079700,
              "status": "passed"
            },
            "line": 62,
            "name": "User selects fixed source and destination",
            "match": {
              "location": "FlightsPage.user_selects_fixed_source_destination()"
            },
            "keyword": "When ",
            "BDD_STEP_UUID": "c3d7c9a2-279c-4057-be2b-a4c9b472ac4d"
          },
          {
            "result": {
              "duration": 9978147100,
              "status": "passed"
            },
            "line": 63,
            "name": "User selects Departing and Returning dates",
            "match": {
              "location": "FlightsPage.user_selects_departing_returning_dates()"
            },
            "keyword": "When ",
            "BDD_STEP_UUID": "ad5a30ba-c17d-4a28-9e1b-55e1bd97aa59"
          },
          {
            "result": {
              "duration": 11676870700,
              "status": "passed"
            },
            "line": 64,
            "name": "User selects number of travellers",
            "match": {
              "location": "FlightsPage.user_selects_number_of_Travellers()"
            },
            "keyword": "When ",
            "BDD_STEP_UUID": "c2e5acfd-19a1-415f-8770-62e33742079b"
          },
          {
            "result": {
              "duration": 28541561600,
              "status": "passed"
            },
            "line": 65,
            "name": "User clicks the checkBoxes and clicks search button",
            "match": {
              "location": "FlightsPage.user_clicks_the_checkboxes()"
            },
            "keyword": "When ",
            "BDD_STEP_UUID": "87c4c230-bb73-4f8f-96c6-f0c0e29e500a"
          },
          {
            "result": {
              "duration": 50901948300,
              "status": "passed"
            },
            "line": 66,
            "name": "User applies popular filters",
            "match": {
              "location": "FlightsPage.user_applies_popularFilters()"
            },
            "keyword": "When ",
            "BDD_STEP_UUID": "1ab12900-0913-4b75-bde0-f94b522f404e"
          },
          {
            "result": {
              "duration": 17034357000,
              "status": "passed"
            },
            "line": 67,
            "name": "User applies Stays filter",
            "match": {
              "location": "FlightsPage.user_applies_stays_filter()"
            },
            "keyword": "When ",
            "BDD_STEP_UUID": "a8789145-bcb4-4c1a-ad0c-b855be791cfe"
          },
          {
            "result": {
              "duration": 33817185800,
              "status": "passed"
            },
            "line": 68,
            "name": "user applies Amenities filter",
            "match": {
              "location": "FlightsPage.user_applies_amenities_filter()"
            },
            "keyword": "When ",
            "BDD_STEP_UUID": "a8a576ff-a7de-4f23-ba47-c3af7296a0c5"
          },
          {
            "result": {
              "duration": 21354377300,
              "status": "passed"
            },
            "line": 69,
            "name": "user applies price filter",
            "match": {
              "location": "FlightsPage.user_applies_price_filter()"
            },
            "keyword": "When ",
            "BDD_STEP_UUID": "d5ca907e-c335-4e50-b046-ee0c2c976cee"
          },
          {
            "result": {
              "duration": 17346921200,
              "status": "passed"
            },
            "line": 70,
            "name": "User applies Star rating filter",
            "match": {
              "location": "FlightsPage.user_applies_starRating_filters()"
            },
            "keyword": "When ",
            "BDD_STEP_UUID": "518c1e56-e8f4-4159-b67b-cf406be786a1"
          }
        ],
        "tags": [
          {
            "name": "@tag"
          },
          {
            "name": "@RoundTripFilters"
          }
        ]
      }
    ],
    "name": "Sign In and FlightsPage",
    "description": "",
    "id": "sign-in-and-flightspage",
    "keyword": "Feature",
    "uri": "C:/Users/shres/git/Demo-WebSite/Include/features/FlightsPage.feature",
    "tags": [
      {
        "name": "@tag",
        "type": "Tag",
        "location": {
          "line": 19,
          "column": 1
        }
      }
    ]
  }
]