[
  {
    "line": 20,
    "elements": [
      {
        "before": [
          {
            "result": {
              "duration": 1053600,
              "status": "passed"
            },
            "match": {
              "location": "JsonData.readJsonData()"
            }
          }
        ],
        "line": 37,
        "name": "User searches for Flights (One-way)",
        "description": "",
        "id": "sign-in-and-flightspage;user-searches-for-flights-(one-way)",
        "type": "scenario",
        "keyword": "Scenario",
        "steps": [
          {
            "result": {
              "duration": 3243401100,
              "status": "passed"
            },
            "line": 38,
            "name": "User comes to Flights Page and verifies the element",
            "match": {
              "location": "FlightsPage.user_comes_to_flights_page_verifies()"
            },
            "keyword": "Given "
          },
          {
            "result": {
              "duration": 755591100,
              "status": "passed"
            },
            "line": 39,
            "name": "User selects one-way mode",
            "match": {
              "location": "FlightsPage.user_selects_oneway_mode()"
            },
            "keyword": "When "
          },
          {
            "result": {
              "duration": 8925766800,
              "status": "passed"
            },
            "line": 40,
            "name": "User selects source and destination",
            "match": {
              "location": "FlightsPage.user_selects_source_destination()"
            },
            "keyword": "When "
          },
          {
            "result": {
              "duration": 6716077900,
              "status": "passed"
            },
            "line": 41,
            "name": "User Selects date to travel",
            "match": {
              "location": "FlightsPage.user_selects_date_oneway_mode()"
            },
            "keyword": "And "
          },
          {
            "result": {
              "duration": 11859736500,
              "status": "passed"
            },
            "line": 42,
            "name": "User selects number of travellers",
            "match": {
              "location": "FlightsPage.user_selects_number_of_Travellers()"
            },
            "keyword": "When "
          },
          {
            "result": {
              "duration": 33325804000,
              "status": "passed"
            },
            "line": 43,
            "name": "User clicks addPlaceToStay checkbox and searches",
            "match": {
              "location": "FlightsPage.user_clicks_addPlaceToStay_checkbox_search()"
            },
            "keyword": "And "
          }
        ],
        "tags": [
          {
            "name": "@tag"
          },
          {
            "name": "@One-way"
          }
        ]
      }
    ],
    "name": "Sign In and FlightsPage",
    "description": "",
    "id": "sign-in-and-flightspage",
    "keyword": "Feature",
    "uri": "C:/Users/shres/git/Demo-WebSite/Include/features/FlightsPage.feature",
    "tags": [
      {
        "name": "@tag",
        "type": "Tag",
        "location": {
          "line": 19,
          "column": 1
        }
      }
    ]
  }
]