[
  {
    "line": 20,
    "elements": [
      {
        "BDD_TESTRUN_UUID": "7316b8d5-2f31-45bf-a8d8-d8b79b556c08",
        "before": [
          {
            "result": {
              "duration": 1053600,
              "status": "passed"
            },
            "match": {
              "location": "JsonData.readJsonData()"
            }
          }
        ],
        "line": 37,
        "name": "User searches for Flights (One-way)",
        "description": "",
        "id": "sign-in-and-flightspage;user-searches-for-flights-(one-way)",
        "type": "scenario",
        "keyword": "Scenario",
        "steps": [
          {
            "result": {
              "duration": 3243401100,
              "status": "passed"
            },
            "line": 38,
            "name": "User comes to Flights Page and verifies the element",
            "match": {
              "location": "FlightsPage.user_comes_to_flights_page_verifies()"
            },
            "keyword": "Given ",
            "BDD_STEP_UUID": "f7d91377-f6b7-4ff6-b7e9-112371da836f"
          },
          {
            "result": {
              "duration": 755591100,
              "status": "passed"
            },
            "line": 39,
            "name": "User selects one-way mode",
            "match": {
              "location": "FlightsPage.user_selects_oneway_mode()"
            },
            "keyword": "When ",
            "BDD_STEP_UUID": "c7bb8de4-1d36-450c-ab0b-fa291157411b"
          },
          {
            "result": {
              "duration": 8925766800,
              "status": "passed"
            },
            "line": 40,
            "name": "User selects source and destination",
            "match": {
              "location": "FlightsPage.user_selects_source_destination()"
            },
            "keyword": "When ",
            "BDD_STEP_UUID": "1743027a-1242-48ac-ad3e-846974245438"
          },
          {
            "result": {
              "duration": 6716077900,
              "status": "passed"
            },
            "line": 41,
            "name": "User Selects date to travel",
            "match": {
              "location": "FlightsPage.user_selects_date_oneway_mode()"
            },
            "keyword": "And ",
            "BDD_STEP_UUID": "2dce1916-9211-4437-ba47-a21963daff63"
          },
          {
            "result": {
              "duration": 11859736500,
              "status": "passed"
            },
            "line": 42,
            "name": "User selects number of travellers",
            "match": {
              "location": "FlightsPage.user_selects_number_of_Travellers()"
            },
            "keyword": "When ",
            "BDD_STEP_UUID": "6f9d5004-01ee-48de-b531-7995fd4011b4"
          },
          {
            "result": {
              "duration": 33325804000,
              "status": "passed"
            },
            "line": 43,
            "name": "User clicks addPlaceToStay checkbox and searches",
            "match": {
              "location": "FlightsPage.user_clicks_addPlaceToStay_checkbox_search()"
            },
            "keyword": "And ",
            "BDD_STEP_UUID": "74b88a51-3033-4f03-90ec-d459db9c089d"
          }
        ],
        "tags": [
          {
            "name": "@tag"
          },
          {
            "name": "@One-way"
          }
        ]
      }
    ],
    "name": "Sign In and FlightsPage",
    "description": "",
    "id": "sign-in-and-flightspage",
    "keyword": "Feature",
    "uri": "C:/Users/shres/git/Demo-WebSite/Include/features/FlightsPage.feature",
    "tags": [
      {
        "name": "@tag",
        "type": "Tag",
        "location": {
          "line": 19,
          "column": 1
        }
      }
    ]
  }
]