[
  {
    "line": 20,
    "elements": [
      {
        "BDD_TESTRUN_UUID": "e4376dab-b7d8-4478-adce-043aeaa27286",
        "line": 25,
        "name": "User comes to the website",
        "description": "",
        "type": "background",
        "keyword": "Background",
        "steps": [
          {
            "result": {
              "duration": 7017950200,
              "status": "passed"
            },
            "line": 26,
            "name": "User opens browser",
            "match": {
              "location": "FlightsPage.user_opens_browser()"
            },
            "keyword": "Given ",
            "BDD_STEP_UUID": "990936d3-18d4-4362-afa1-f62cb5fb5685"
          }
        ]
      },
      {
        "BDD_TESTRUN_UUID": "e4376dab-b7d8-4478-adce-043aeaa27286",
        "before": [
          {
            "result": {
              "duration": 17819600,
              "status": "passed"
            },
            "match": {
              "location": "JsonData.readJsonData()"
            }
          }
        ],
        "line": 73,
        "name": "User Searches for Flights (RoundTrip) and books a flight",
        "description": "",
        "id": "sign-in-and-flightspage;user-searches-for-flights-(roundtrip)-and-books-a-flight",
        "type": "scenario",
        "keyword": "Scenario",
        "steps": [
          {
            "result": {
              "duration": 3633929700,
              "status": "passed"
            },
            "line": 74,
            "name": "User comes to Flights Page and verifies the element",
            "match": {
              "location": "FlightsPage.user_comes_to_flights_page_verifies()"
            },
            "keyword": "Given ",
            "BDD_STEP_UUID": "4d1f918c-17bd-4334-9ea7-2c7d9ed1f54d"
          },
          {
            "result": {
              "duration": 12763657000,
              "status": "passed"
            },
            "line": 75,
            "name": "User selects fixed source and destination",
            "match": {
              "location": "FlightsPage.user_selects_fixed_source_destination()"
            },
            "keyword": "When ",
            "BDD_STEP_UUID": "3fe67ef5-6786-454d-80e6-498e686bb86c"
          },
          {
            "result": {
              "duration": 10223289300,
              "status": "passed"
            },
            "line": 76,
            "name": "User selects Departing and Returning dates",
            "match": {
              "location": "FlightsPage.user_selects_departing_returning_dates()"
            },
            "keyword": "When ",
            "BDD_STEP_UUID": "ae7a3ba1-3ef5-4e42-902c-b98ff939c873"
          },
          {
            "result": {
              "duration": 31930249200,
              "status": "passed"
            },
            "line": 77,
            "name": "user selects only travellers and clicks checkbooxes , searches the flight",
            "match": {
              "location": "FlightsPage.user_selects_only_travellers()"
            },
            "keyword": "When ",
            "BDD_STEP_UUID": "57bbcd3d-5ab0-4a53-b0f3-b073ffb47eab"
          },
          {
            "result": {
              "error_message": "com.kms.katalon.core.exception.StepFailedException: Unable to scroll to object \u0027Object Repository/FiltersApply/Roundtrip/stayOptions\u0027\r\n\tat com.kms.katalon.core.webui.keyword.internal.WebUIKeywordMain.stepFailed(WebUIKeywordMain.groovy:117)\r\n\tat com.kms.katalon.core.webui.keyword.internal.WebUIKeywordMain.runKeyword(WebUIKeywordMain.groovy:43)\r\n\tat com.kms.katalon.core.webui.keyword.builtin.ScrollToElementKeyword.scrollToElement(ScrollToElementKeyword.groovy:88)\r\n\tat com.kms.katalon.core.webui.keyword.builtin.ScrollToElementKeyword.execute(ScrollToElementKeyword.groovy:68)\r\n\tat com.kms.katalon.core.keyword.internal.KeywordExecutor.executeKeywordForPlatform(KeywordExecutor.groovy:74)\r\n\tat com.kms.katalon.core.webui.keyword.WebUiBuiltInKeywords.scrollToElement(WebUiBuiltInKeywords.groovy:4184)\r\n\tat stepDefinations.FlightsPage.user_applies_stays_filter(FlightsPage.java:281)\r\n\tat ✽.User applies Stays filter(C:/Users/shres/git/Demo-WebSite/Include/features/FlightsPage.feature:78)\r\nCaused by: com.kms.katalon.core.webui.exception.WebElementNotFoundException: Web element with id: \u0027Object Repository/FiltersApply/Roundtrip/stayOptions\u0027 located by \u0027//h4[@class\u003d\u0027uitk-heading uitk-heading-7\u0027 and text()\u003d\u0027Stay options\u0027]\u0027 not found\r\n\tat com.kms.katalon.core.webui.common.WebUiCommonHelper.findWebElement(WebUiCommonHelper.java:1426)\r\n\tat com.kms.katalon.core.webui.keyword.internal.WebUIAbstractKeyword.findWebElement(WebUIAbstractKeyword.groovy:27)\r\n\tat com.kms.katalon.core.webui.keyword.internal.WebUIAbstractKeyword.findWebElement(WebUIAbstractKeyword.groovy:26)\r\n\tat com.kms.katalon.core.webui.keyword.builtin.ScrollToElementKeyword$_scrollToElement_closure1.doCall(ScrollToElementKeyword.groovy:79)\r\n\tat com.kms.katalon.core.webui.keyword.builtin.ScrollToElementKeyword$_scrollToElement_closure1.call(ScrollToElementKeyword.groovy)\r\n\tat com.kms.katalon.core.webui.keyword.internal.WebUIKeywordMain.runKeyword(WebUIKeywordMain.groovy:35)\r\n\tat com.kms.katalon.core.webui.keyword.builtin.ScrollToElementKeyword.scrollToElement(ScrollToElementKeyword.groovy:88)\r\n\tat com.kms.katalon.core.webui.keyword.builtin.ScrollToElementKeyword.execute(ScrollToElementKeyword.groovy:68)\r\n\tat com.kms.katalon.core.keyword.internal.KeywordExecutor.executeKeywordForPlatform(KeywordExecutor.groovy:74)\r\n\tat com.kms.katalon.core.webui.keyword.WebUiBuiltInKeywords.scrollToElement(WebUiBuiltInKeywords.groovy:4184)\r\n\tat stepDefinations.FlightsPage.user_applies_stays_filter(FlightsPage.java:281)\r\n\tat java.base/jdk.internal.reflect.NativeMethodAccessorImpl.invoke0(Native Method)\r\n\tat java.base/jdk.internal.reflect.NativeMethodAccessorImpl.invoke(NativeMethodAccessorImpl.java:77)\r\n\tat java.base/jdk.internal.reflect.DelegatingMethodAccessorImpl.invoke(DelegatingMethodAccessorImpl.java:43)\r\n\tat cucumber.runtime.Utils$1.call(Utils.java:26)\r\n\tat cucumber.runtime.Timeout.timeout(Timeout.java:16)\r\n\tat cucumber.runtime.Utils.invoke(Utils.java:20)\r\n\tat cucumber.runtime.java.JavaStepDefinition.execute(JavaStepDefinition.java:48)\r\n\tat cucumber.runtime.PickleStepDefinitionMatch.runStep(PickleStepDefinitionMatch.java:50)\r\n\tat cucumber.runner.TestStep.executeStep(TestStep.java:72)\r\n\tat cucumber.runner.TestStep.run(TestStep.java:54)\r\n\tat cucumber.runner.PickleStepTestStep.run(PickleStepTestStep.java:53)\r\n\tat cucumber.runner.TestCase.run(TestCase.java:47)\r\n\tat cucumber.runner.Runner.runPickle(Runner.java:44)\r\n\tat cucumber.runtime.Runtime.runFeature(Runtime.java:120)\r\n\tat cucumber.runtime.Runtime.run(Runtime.java:106)\r\n\tat cucumber.api.cli.Main.run(Main.java:35)\r\n\tat cucumber.api.cli.Main$run.call(Unknown Source)\r\n\tat com.kms.katalon.core.cucumber.keyword.CucumberBuiltinKeywords$_runFeatureFileWithTags_closure2.doCall(CucumberBuiltinKeywords.groovy:206)\r\n\tat com.kms.katalon.core.cucumber.keyword.CucumberBuiltinKeywords$_runFeatureFileWithTags_closure2.doCall(CucumberBuiltinKeywords.groovy)\r\n\tat java.base/jdk.internal.reflect.NativeMethodAccessorImpl.invoke0(Native Method)\r\n\tat java.base/jdk.internal.reflect.NativeMethodAccessorImpl.invoke(NativeMethodAccessorImpl.java:77)\r\n\tat java.base/jdk.internal.reflect.DelegatingMethodAccessorImpl.invoke(DelegatingMethodAccessorImpl.java:43)\r\n\tat com.kms.katalon.core.keyword.internal.KeywordMain.runKeyword(KeywordMain.groovy:75)\r\n\tat com.kms.katalon.core.keyword.internal.KeywordMain.runKeyword(KeywordMain.groovy:69)\r\n\tat com.kms.katalon.core.keyword.internal.KeywordMain$runKeyword.call(Unknown Source)\r\n\tat com.kms.katalon.core.cucumber.keyword.CucumberBuiltinKeywords.runFeatureFileWithTags(CucumberBuiltinKeywords.groovy:166)\r\n\tat com.kms.katalon.core.cucumber.keyword.CucumberBuiltinKeywords$runFeatureFileWithTags.callStatic(Unknown Source)\r\n\tat com.kms.katalon.core.cucumber.keyword.CucumberBuiltinKeywords.runFeatureFileWithTags(CucumberBuiltinKeywords.groovy:300)\r\n\tat BookingFlight.run(BookingFlight:22)\r\n\tat com.kms.katalon.core.main.ScriptEngine.run(ScriptEngine.java:194)\r\n\tat com.kms.katalon.core.main.ScriptEngine.runScriptAsRawText(ScriptEngine.java:119)\r\n\tat com.kms.katalon.core.main.TestCaseExecutor.runScript(TestCaseExecutor.java:448)\r\n\tat com.kms.katalon.core.main.TestCaseExecutor.doExecute(TestCaseExecutor.java:439)\r\n\tat com.kms.katalon.core.main.TestCaseExecutor.processExecutionPhase(TestCaseExecutor.java:418)\r\n\tat com.kms.katalon.core.main.TestCaseExecutor.accessMainPhase(TestCaseExecutor.java:410)\r\n\tat com.kms.katalon.core.main.TestCaseExecutor.execute(TestCaseExecutor.java:285)\r\n\tat com.kms.katalon.core.common.CommonExecutor.accessTestCaseMainPhase(CommonExecutor.java:65)\r\n\tat com.kms.katalon.core.main.TestSuiteExecutor.accessTestSuiteMainPhase(TestSuiteExecutor.java:161)\r\n\tat com.kms.katalon.core.main.TestSuiteExecutor.execute(TestSuiteExecutor.java:107)\r\n\tat com.kms.katalon.core.main.TestCaseMain.startTestSuite(TestCaseMain.java:176)\r\n\tat TempTestSuite1738475576701.run(TempTestSuite1738475576701.groovy:35)\r\n\tat java.base/jdk.internal.reflect.NativeMethodAccessorImpl.invoke0(Native Method)\r\n\tat java.base/jdk.internal.reflect.NativeMethodAccessorImpl.invoke(NativeMethodAccessorImpl.java:77)\r\n\tat java.base/jdk.internal.reflect.DelegatingMethodAccessorImpl.invoke(DelegatingMethodAccessorImpl.java:43)\r\n",
              "duration": 33856449400,
              "status": "failed"
            },
            "line": 78,
            "name": "User applies Stays filter",
            "match": {
              "location": "FlightsPage.user_applies_stays_filter()"
            },
            "keyword": "When ",
            "BDD_STEP_UUID": "b59ce971-0d63-44c3-8679-979eea9bb625"
          },
          {
            "result": {
              "status": "skipped"
            },
            "line": 79,
            "name": "User selects Filter Price High To Low and verifies",
            "match": {
              "location": "FlightsPage.user_selects_price_high_to_low_verifies()"
            },
            "keyword": "When ",
            "BDD_STEP_UUID": "a7c8225e-a35b-433b-8225-0c8ab4d542c8"
          },
          {
            "result": {
              "status": "skipped"
            },
            "line": 80,
            "name": "User selects Hotel and room",
            "match": {
              "location": "FlightsPage.user_selects_hotel_and_room()"
            },
            "keyword": "When ",
            "BDD_STEP_UUID": "31682334-c421-4354-a53c-2fad28f44002"
          },
          {
            "result": {
              "status": "skipped"
            },
            "line": 81,
            "name": "user applies filters and selects departing flight",
            "match": {
              "location": "FlightsPage.user_selects_departing_flight()"
            },
            "keyword": "When ",
            "BDD_STEP_UUID": "7b6d03eb-60d7-48fa-a446-3cbaaac22638"
          },
          {
            "result": {
              "status": "skipped"
            },
            "line": 82,
            "name": "user applies filters and selects returning flight",
            "match": {
              "location": "FlightsPage.user_selects_returning_flight()"
            },
            "keyword": "When ",
            "BDD_STEP_UUID": "baa01408-982f-4629-9598-437766662a0a"
          },
          {
            "result": {
              "status": "skipped"
            },
            "line": 83,
            "name": "user applies filters and selects car",
            "match": {
              "location": "FlightsPage.user_selects_car()"
            },
            "keyword": "When ",
            "BDD_STEP_UUID": "28f41504-9b04-49ba-beb4-c10a4b873390"
          },
          {
            "result": {
              "status": "skipped"
            },
            "line": 84,
            "name": "user adds the main traveller information",
            "match": {
              "location": "FlightsPage.user_adds_the_traveller_information()"
            },
            "keyword": "When ",
            "BDD_STEP_UUID": "f63ed10f-4825-4ce9-9e59-0eade549c736"
          },
          {
            "result": {
              "status": "skipped"
            },
            "line": 85,
            "name": "user adds the second traveller information",
            "match": {
              "location": "FlightsPage.user_adds_second_traveller()"
            },
            "keyword": "When ",
            "BDD_STEP_UUID": "f90443db-dda3-43c5-9474-991e03f1e96d"
          },
          {
            "result": {
              "status": "skipped"
            },
            "line": 86,
            "name": "user adds the insurance",
            "match": {
              "location": "FlightsPage.user_adds_the_insurance()"
            },
            "keyword": "When ",
            "BDD_STEP_UUID": "7945c716-6a2f-42f8-b457-302f4f42d677"
          },
          {
            "result": {
              "status": "skipped"
            },
            "line": 87,
            "name": "user adds the paymentInformation",
            "match": {
              "location": "FlightsPage.user_adds_the_paymentInformation()"
            },
            "keyword": "When ",
            "BDD_STEP_UUID": "f965dcab-6344-41af-9be0-c93697acbec2"
          }
        ],
        "tags": [
          {
            "name": "@tag"
          },
          {
            "name": "@RoundTripBookingFlight"
          }
        ]
      }
    ],
    "name": "Sign In and FlightsPage",
    "description": "",
    "id": "sign-in-and-flightspage",
    "keyword": "Feature",
    "uri": "C:/Users/shres/git/Demo-WebSite/Include/features/FlightsPage.feature",
    "tags": [
      {
        "name": "@tag",
        "type": "Tag",
        "location": {
          "line": 19,
          "column": 1
        }
      }
    ]
  }
]