Suite/Test/Step Name,Browser,Description,Tag,Start time,End time,Duration,Status
BookingFlight,Chrome 132.0.0.0,,,02-02-2025 14:08:29,02-02-2025 14:14:14,5m - 45.084s,PASSED
,,,,,,,
Test Cases/BookingFlight,Chrome 132.0.0.0,,,02-02-2025 14:10:11,02-02-2025 14:14:14,4m - 3.590s,PASSED
Start listener action : sampleBeforeTestCase,Chrome 132.0.0.0,,,02-02-2025 14:10:11,02-02-2025 14:10:11,0.199s,PASSED
Start listener action : sampleBeforeTestCase,Chrome 132.0.0.0,,,02-02-2025 14:10:11,02-02-2025 14:10:11,0.016s,PASSED
"runFeatureFileWithTags(""Include/features/FlightsPage.feature"", [""@RoundTripBookingFlight""])",Chrome 132.0.0.0,,,02-02-2025 14:10:11,02-02-2025 14:14:14,4m - 3.338s,PASSED
Start listener action : sampleAfterTestCase,Chrome 132.0.0.0,,,02-02-2025 14:14:14,02-02-2025 14:14:14,0.000s,PASSED
