[
  {
    "line": 20,
    "elements": [
      {
        "BDD_TESTRUN_UUID": "328668d3-c98d-40ec-97fb-eb6be4751d76",
        "line": 25,
        "name": "User comes to the website",
        "description": "",
        "type": "background",
        "keyword": "Background",
        "steps": [
          {
            "result": {
              "duration": 4208474100,
              "status": "passed"
            },
            "line": 26,
            "name": "User opens browser",
            "match": {
              "location": "FlightsPage.user_opens_browser()"
            },
            "keyword": "Given ",
            "BDD_STEP_UUID": "c244522b-ed07-492f-b08d-f5ba0ddcb85e"
          }
        ]
      },
      {
        "BDD_TESTRUN_UUID": "328668d3-c98d-40ec-97fb-eb6be4751d76",
        "before": [
          {
            "result": {
              "duration": 679400,
              "status": "passed"
            },
            "match": {
              "location": "JsonData.readJsonData()"
            }
          }
        ],
        "line": 37,
        "name": "User searches for Flights (One-way)",
        "description": "",
        "id": "sign-in-and-flightspage;user-searches-for-flights-(one-way)",
        "type": "scenario",
        "keyword": "Scenario",
        "steps": [
          {
            "result": {
              "duration": 3766430300,
              "status": "passed"
            },
            "line": 38,
            "name": "User comes to Flights Page and verifies the element",
            "match": {
              "location": "FlightsPage.user_comes_to_flights_page_verifies()"
            },
            "keyword": "Given ",
            "BDD_STEP_UUID": "90761160-6702-45cb-9f70-47231d425be7"
          },
          {
            "result": {
              "duration": 321501300,
              "status": "passed"
            },
            "line": 39,
            "name": "User selects one-way mode",
            "match": {
              "location": "FlightsPage.user_selects_oneway_mode()"
            },
            "keyword": "When ",
            "BDD_STEP_UUID": "242d0df1-5486-4307-a5c0-74a001f598ef"
          },
          {
            "result": {
              "duration": 9335916600,
              "status": "passed"
            },
            "line": 40,
            "name": "User selects source and destination",
            "match": {
              "location": "FlightsPage.user_selects_source_destination()"
            },
            "keyword": "When ",
            "BDD_STEP_UUID": "6a77d541-f6c6-4457-9778-a96e086e95a7"
          },
          {
            "result": {
              "duration": 6471804300,
              "status": "passed"
            },
            "line": 41,
            "name": "User Selects date to travel",
            "match": {
              "location": "FlightsPage.user_selects_date_oneway_mode()"
            },
            "keyword": "And ",
            "BDD_STEP_UUID": "4fb9ff16-bb24-4e40-8ddf-89cc906f682c"
          },
          {
            "result": {
              "duration": 11636993600,
              "status": "passed"
            },
            "line": 42,
            "name": "User selects number of travellers",
            "match": {
              "location": "FlightsPage.user_selects_number_of_Travellers()"
            },
            "keyword": "When ",
            "BDD_STEP_UUID": "45dff5e5-0fbb-426e-968f-874124f16497"
          },
          {
            "result": {
              "duration": 29881223900,
              "status": "passed"
            },
            "line": 43,
            "name": "User clicks addPlaceToStay checkbox and searches",
            "match": {
              "location": "FlightsPage.user_clicks_addPlaceToStay_checkbox_search()"
            },
            "keyword": "And ",
            "BDD_STEP_UUID": "bd273446-b6e2-4939-a9ee-fb16200b83e8"
          }
        ],
        "tags": [
          {
            "name": "@tag"
          },
          {
            "name": "@One-way"
          }
        ]
      }
    ],
    "name": "Sign In and FlightsPage",
    "description": "",
    "id": "sign-in-and-flightspage",
    "keyword": "Feature",
    "uri": "C:/Users/shres/git/Demo-WebSite/Include/features/FlightsPage.feature",
    "tags": [
      {
        "name": "@tag",
        "type": "Tag",
        "location": {
          "line": 19,
          "column": 1
        }
      }
    ]
  }
]