[
  {
    "line": 20,
    "elements": [
      {
        "line": 25,
        "name": "User comes to the website",
        "description": "",
        "type": "background",
        "keyword": "Background",
        "steps": [
          {
            "result": {
              "duration": 5145075600,
              "status": "passed"
            },
            "line": 26,
            "name": "User opens browser",
            "match": {
              "location": "FlightsPage.user_opens_browser()"
            },
            "keyword": "Given "
          }
        ]
      },
      {
        "before": [
          {
            "result": {
              "duration": 2288600,
              "status": "passed"
            },
            "match": {
              "location": "JsonData.readJsonData()"
            }
          }
        ],
        "line": 73,
        "name": "User Searches for Flights (RoundTrip) and books a flight",
        "description": "",
        "id": "sign-in-and-flightspage;user-searches-for-flights-(roundtrip)-and-books-a-flight",
        "type": "scenario",
        "keyword": "Scenario",
        "steps": [
          {
            "result": {
              "duration": 4099955800,
              "status": "passed"
            },
            "line": 74,
            "name": "User comes to Flights Page and verifies the element",
            "match": {
              "location": "FlightsPage.user_comes_to_flights_page_verifies()"
            },
            "keyword": "Given "
          },
          {
            "result": {
              "duration": 13141347000,
              "status": "passed"
            },
            "line": 75,
            "name": "User selects fixed source and destination",
            "match": {
              "location": "FlightsPage.user_selects_fixed_source_destination()"
            },
            "keyword": "When "
          },
          {
            "result": {
              "duration": 9992476800,
              "status": "passed"
            },
            "line": 76,
            "name": "User selects Departing and Returning dates",
            "match": {
              "location": "FlightsPage.user_selects_departing_returning_dates()"
            },
            "keyword": "When "
          },
          {
            "result": {
              "duration": 31899892000,
              "status": "passed"
            },
            "line": 77,
            "name": "user selects only travellers and clicks checkbooxes , searches the flight",
            "match": {
              "location": "FlightsPage.user_selects_only_travellers()"
            },
            "keyword": "When "
          },
          {
            "result": {
              "duration": 40409184400,
              "status": "passed"
            },
            "line": 78,
            "name": "User applies Stays filter",
            "match": {
              "location": "FlightsPage.user_applies_stays_filter()"
            },
            "keyword": "When "
          },
          {
            "result": {
              "duration": 12762011700,
              "status": "passed"
            },
            "line": 79,
            "name": "User selects Filter Price High To Low and verifies",
            "match": {
              "location": "FlightsPage.user_selects_price_high_to_low_verifies()"
            },
            "keyword": "When "
          },
          {
            "result": {
              "duration": 27758493700,
              "status": "passed"
            },
            "line": 80,
            "name": "User selects Hotel and room",
            "match": {
              "location": "FlightsPage.user_selects_hotel_and_room()"
            },
            "keyword": "When "
          },
          {
            "result": {
              "duration": 9583599500,
              "status": "passed"
            },
            "line": 81,
            "name": "user applies filters and selects departing flight",
            "match": {
              "location": "FlightsPage.user_selects_departing_flight()"
            },
            "keyword": "When "
          },
          {
            "result": {
              "duration": 11928270300,
              "status": "passed"
            },
            "line": 82,
            "name": "user applies filters and selects returning flight",
            "match": {
              "location": "FlightsPage.user_selects_returning_flight()"
            },
            "keyword": "When "
          },
          {
            "result": {
              "duration": 31245496500,
              "status": "passed"
            },
            "line": 83,
            "name": "user applies filters and selects car",
            "match": {
              "location": "FlightsPage.user_selects_car()"
            },
            "keyword": "When "
          },
          {
            "result": {
              "duration": 14608110000,
              "status": "passed"
            },
            "line": 84,
            "name": "user adds the main traveller information",
            "match": {
              "location": "FlightsPage.user_adds_the_traveller_information()"
            },
            "keyword": "When "
          },
          {
            "result": {
              "duration": 6694457200,
              "status": "passed"
            },
            "line": 85,
            "name": "user adds the second traveller information",
            "match": {
              "location": "FlightsPage.user_adds_second_traveller()"
            },
            "keyword": "When "
          },
          {
            "result": {
              "duration": 2767523300,
              "status": "passed"
            },
            "line": 86,
            "name": "user adds the insurance",
            "match": {
              "location": "FlightsPage.user_adds_the_insurance()"
            },
            "keyword": "When "
          },
          {
            "result": {
              "duration": 21030746100,
              "status": "passed"
            },
            "line": 87,
            "name": "user adds the paymentInformation",
            "match": {
              "location": "FlightsPage.user_adds_the_paymentInformation()"
            },
            "keyword": "When "
          }
        ],
        "tags": [
          {
            "name": "@tag"
          },
          {
            "name": "@RoundTripBookingFlight"
          }
        ]
      }
    ],
    "name": "Sign In and FlightsPage",
    "description": "",
    "id": "sign-in-and-flightspage",
    "keyword": "Feature",
    "uri": "C:/Users/shres/git/Demo-WebSite/Include/features/FlightsPage.feature",
    "tags": [
      {
        "name": "@tag",
        "type": "Tag",
        "location": {
          "line": 19,
          "column": 1
        }
      }
    ]
  }
]