[
  {
    "line": 20,
    "elements": [
      {
        "BDD_TESTRUN_UUID": "f5c9dc4f-906e-439e-93ed-28fbeb3c49e1",
        "line": 25,
        "name": "User comes to the website",
        "description": "",
        "type": "background",
        "keyword": "Background",
        "steps": [
          {
            "result": {
              "duration": 5145075600,
              "status": "passed"
            },
            "line": 26,
            "name": "User opens browser",
            "match": {
              "location": "FlightsPage.user_opens_browser()"
            },
            "keyword": "Given ",
            "BDD_STEP_UUID": "20a37d59-0df9-4747-ad0b-b942c39f8169"
          }
        ]
      },
      {
        "BDD_TESTRUN_UUID": "f5c9dc4f-906e-439e-93ed-28fbeb3c49e1",
        "before": [
          {
            "result": {
              "duration": 2288600,
              "status": "passed"
            },
            "match": {
              "location": "JsonData.readJsonData()"
            }
          }
        ],
        "line": 73,
        "name": "User Searches for Flights (RoundTrip) and books a flight",
        "description": "",
        "id": "sign-in-and-flightspage;user-searches-for-flights-(roundtrip)-and-books-a-flight",
        "type": "scenario",
        "keyword": "Scenario",
        "steps": [
          {
            "result": {
              "duration": 4099955800,
              "status": "passed"
            },
            "line": 74,
            "name": "User comes to Flights Page and verifies the element",
            "match": {
              "location": "FlightsPage.user_comes_to_flights_page_verifies()"
            },
            "keyword": "Given ",
            "BDD_STEP_UUID": "975ffb1e-eeab-49d2-bab4-188711b8552b"
          },
          {
            "result": {
              "duration": 13141347000,
              "status": "passed"
            },
            "line": 75,
            "name": "User selects fixed source and destination",
            "match": {
              "location": "FlightsPage.user_selects_fixed_source_destination()"
            },
            "keyword": "When ",
            "BDD_STEP_UUID": "06112389-223b-4c54-9588-adf2b5c1df9c"
          },
          {
            "result": {
              "duration": 9992476800,
              "status": "passed"
            },
            "line": 76,
            "name": "User selects Departing and Returning dates",
            "match": {
              "location": "FlightsPage.user_selects_departing_returning_dates()"
            },
            "keyword": "When ",
            "BDD_STEP_UUID": "789ccde4-2050-4dc4-97b6-4fdd16aa7b01"
          },
          {
            "result": {
              "duration": 31899892000,
              "status": "passed"
            },
            "line": 77,
            "name": "user selects only travellers and clicks checkbooxes , searches the flight",
            "match": {
              "location": "FlightsPage.user_selects_only_travellers()"
            },
            "keyword": "When ",
            "BDD_STEP_UUID": "abf17212-f537-4eee-ad07-6b524c1442e9"
          },
          {
            "result": {
              "duration": 40409184400,
              "status": "passed"
            },
            "line": 78,
            "name": "User applies Stays filter",
            "match": {
              "location": "FlightsPage.user_applies_stays_filter()"
            },
            "keyword": "When ",
            "BDD_STEP_UUID": "26df9403-6bc3-4d87-b608-751df70d1d90"
          },
          {
            "result": {
              "duration": 12762011700,
              "status": "passed"
            },
            "line": 79,
            "name": "User selects Filter Price High To Low and verifies",
            "match": {
              "location": "FlightsPage.user_selects_price_high_to_low_verifies()"
            },
            "keyword": "When ",
            "BDD_STEP_UUID": "69356826-cd11-453f-a8c9-e875fd5ad4c4"
          },
          {
            "result": {
              "duration": 27758493700,
              "status": "passed"
            },
            "line": 80,
            "name": "User selects Hotel and room",
            "match": {
              "location": "FlightsPage.user_selects_hotel_and_room()"
            },
            "keyword": "When ",
            "BDD_STEP_UUID": "bd2a4878-315d-4596-b1a3-76a32434ae62"
          },
          {
            "result": {
              "duration": 9583599500,
              "status": "passed"
            },
            "line": 81,
            "name": "user applies filters and selects departing flight",
            "match": {
              "location": "FlightsPage.user_selects_departing_flight()"
            },
            "keyword": "When ",
            "BDD_STEP_UUID": "94371451-d7b1-4b78-b32a-918f52f837ca"
          },
          {
            "result": {
              "duration": 11928270300,
              "status": "passed"
            },
            "line": 82,
            "name": "user applies filters and selects returning flight",
            "match": {
              "location": "FlightsPage.user_selects_returning_flight()"
            },
            "keyword": "When ",
            "BDD_STEP_UUID": "b30527e6-cd60-462f-8672-d65b06365c66"
          },
          {
            "result": {
              "duration": 31245496500,
              "status": "passed"
            },
            "line": 83,
            "name": "user applies filters and selects car",
            "match": {
              "location": "FlightsPage.user_selects_car()"
            },
            "keyword": "When ",
            "BDD_STEP_UUID": "c268e7a7-f131-4d28-9238-d8524f3e127f"
          },
          {
            "result": {
              "duration": 14608110000,
              "status": "passed"
            },
            "line": 84,
            "name": "user adds the main traveller information",
            "match": {
              "location": "FlightsPage.user_adds_the_traveller_information()"
            },
            "keyword": "When ",
            "BDD_STEP_UUID": "d00d6754-928d-4428-8b84-9a3045bc330c"
          },
          {
            "result": {
              "duration": 6694457200,
              "status": "passed"
            },
            "line": 85,
            "name": "user adds the second traveller information",
            "match": {
              "location": "FlightsPage.user_adds_second_traveller()"
            },
            "keyword": "When ",
            "BDD_STEP_UUID": "13c9cb6a-171f-4d10-941e-dcf9601b1a8d"
          },
          {
            "result": {
              "duration": 2767523300,
              "status": "passed"
            },
            "line": 86,
            "name": "user adds the insurance",
            "match": {
              "location": "FlightsPage.user_adds_the_insurance()"
            },
            "keyword": "When ",
            "BDD_STEP_UUID": "b1406710-22e4-414f-a278-b77af2cbba14"
          },
          {
            "result": {
              "duration": 21030746100,
              "status": "passed"
            },
            "line": 87,
            "name": "user adds the paymentInformation",
            "match": {
              "location": "FlightsPage.user_adds_the_paymentInformation()"
            },
            "keyword": "When ",
            "BDD_STEP_UUID": "ae07998d-d5df-4309-ad19-a07dc0763317"
          }
        ],
        "tags": [
          {
            "name": "@tag"
          },
          {
            "name": "@RoundTripBookingFlight"
          }
        ]
      }
    ],
    "name": "Sign In and FlightsPage",
    "description": "",
    "id": "sign-in-and-flightspage",
    "keyword": "Feature",
    "uri": "C:/Users/shres/git/Demo-WebSite/Include/features/FlightsPage.feature",
    "tags": [
      {
        "name": "@tag",
        "type": "Tag",
        "location": {
          "line": 19,
          "column": 1
        }
      }
    ]
  }
]