[
  {
    "line": 20,
    "elements": [
      {
        "line": 22,
        "name": "User navigates to HomePage",
        "description": "",
        "type": "background",
        "keyword": "Background",
        "steps": [
          {
            "result": {
              "duration": 7714394800,
              "status": "passed"
            },
            "line": 23,
            "name": "User comes to the home page",
            "match": {
              "location": "HomePageValidations.user_comes_to_home_page()"
            },
            "keyword": "Given "
          }
        ]
      },
      {
        "before": [
          {
            "result": {
              "duration": 15371800,
              "status": "passed"
            },
            "match": {
              "location": "JsonData.readJsonData()"
            }
          }
        ],
        "line": 36,
        "name": "HomePageValidations-DropDowns",
        "description": "",
        "id": "flightspage-validations;homepagevalidations-dropdowns",
        "type": "scenario",
        "keyword": "Scenario",
        "steps": [
          {
            "result": {
              "duration": 14772795800,
              "status": "passed"
            },
            "line": 37,
            "name": "User Scrolls to DropDownOptions clicks and verifies Hotel DropDown",
            "match": {
              "location": "HomePageValidations.user_Scrolls_To_DropDowns_verifies_first_DropDown()"
            },
            "keyword": "When "
          },
          {
            "result": {
              "duration": 15501691800,
              "status": "passed"
            },
            "line": 38,
            "name": "User Scrolls to DropDownOptions clicks and verifies Flights DropDown",
            "match": {
              "location": "HomePageValidations.user_Scrolls_To_DropDowns_verifies_Flights_DropDown()"
            },
            "keyword": "When "
          },
          {
            "result": {
              "duration": 13974525200,
              "status": "passed"
            },
            "line": 39,
            "name": "User Scrolls to DropDownOptions clicks and verifies Vacation DropDown",
            "match": {
              "location": "HomePageValidations.user_Scrolls_To_DropDowns_verifies_Vacation_DropDown()"
            },
            "keyword": "When "
          },
          {
            "result": {
              "duration": 15848226600,
              "status": "passed"
            },
            "line": 40,
            "name": "User Scrolls to DropDownOptions clicks and verifies Cars DropDown",
            "match": {
              "location": "HomePageValidations.user_Scrolls_To_DropDowns_verifies_Cars_DropDown()"
            },
            "keyword": "When "
          },
          {
            "result": {
              "duration": 18040283800,
              "status": "passed"
            },
            "line": 41,
            "name": "User Scrolls to DropDownOptions clicks and verifies Cruises DropDown",
            "match": {
              "location": "HomePageValidations.user_Scrolls_To_DropDowns_verifies_Cruises_DropDown()"
            },
            "keyword": "When "
          },
          {
            "result": {
              "duration": 22325666200,
              "status": "passed"
            },
            "line": 42,
            "name": "User Scrolls to DropDownOptions clicks and verifies TravelDeals DropDown",
            "match": {
              "location": "HomePageValidations.user_Scrolls_To_DropDowns_verifies_TravelDeals_DropDown()"
            },
            "keyword": "When "
          }
        ],
        "tags": [
          {
            "name": "@tag"
          },
          {
            "name": "@DropDowns"
          }
        ]
      }
    ],
    "name": "FlightsPage Validations",
    "description": "",
    "id": "flightspage-validations",
    "keyword": "Feature",
    "uri": "C:/Users/shres/git/Demo-WebSite/Include/features/HomePageValidations.feature",
    "tags": [
      {
        "name": "@tag",
        "type": "Tag",
        "location": {
          "line": 19,
          "column": 1
        }
      }
    ]
  }
]