[
  {
    "line": 20,
    "elements": [
      {
        "BDD_TESTRUN_UUID": "c440f7ed-69e1-415d-a4fd-1e4d964abbf1",
        "line": 22,
        "name": "User navigates to HomePage",
        "description": "",
        "type": "background",
        "keyword": "Background",
        "steps": [
          {
            "result": {
              "duration": 7714394800,
              "status": "passed"
            },
            "line": 23,
            "name": "User comes to the home page",
            "match": {
              "location": "HomePageValidations.user_comes_to_home_page()"
            },
            "keyword": "Given ",
            "BDD_STEP_UUID": "ae366483-0588-4788-96d8-01c0697a983a"
          }
        ]
      },
      {
        "BDD_TESTRUN_UUID": "c440f7ed-69e1-415d-a4fd-1e4d964abbf1",
        "before": [
          {
            "result": {
              "duration": 15371800,
              "status": "passed"
            },
            "match": {
              "location": "JsonData.readJsonData()"
            }
          }
        ],
        "line": 36,
        "name": "HomePageValidations-DropDowns",
        "description": "",
        "id": "flightspage-validations;homepagevalidations-dropdowns",
        "type": "scenario",
        "keyword": "Scenario",
        "steps": [
          {
            "result": {
              "duration": 14772795800,
              "status": "passed"
            },
            "line": 37,
            "name": "User Scrolls to DropDownOptions clicks and verifies Hotel DropDown",
            "match": {
              "location": "HomePageValidations.user_Scrolls_To_DropDowns_verifies_first_DropDown()"
            },
            "keyword": "When ",
            "BDD_STEP_UUID": "afdf307a-3b48-4252-b91a-9f9eaf13eb49"
          },
          {
            "result": {
              "duration": 15501691800,
              "status": "passed"
            },
            "line": 38,
            "name": "User Scrolls to DropDownOptions clicks and verifies Flights DropDown",
            "match": {
              "location": "HomePageValidations.user_Scrolls_To_DropDowns_verifies_Flights_DropDown()"
            },
            "keyword": "When ",
            "BDD_STEP_UUID": "a8e9986a-78c4-44f8-b05f-9eb535722b39"
          },
          {
            "result": {
              "duration": 13974525200,
              "status": "passed"
            },
            "line": 39,
            "name": "User Scrolls to DropDownOptions clicks and verifies Vacation DropDown",
            "match": {
              "location": "HomePageValidations.user_Scrolls_To_DropDowns_verifies_Vacation_DropDown()"
            },
            "keyword": "When ",
            "BDD_STEP_UUID": "fe4b2310-b918-4c91-b64f-da7d78217b24"
          },
          {
            "result": {
              "duration": 15848226600,
              "status": "passed"
            },
            "line": 40,
            "name": "User Scrolls to DropDownOptions clicks and verifies Cars DropDown",
            "match": {
              "location": "HomePageValidations.user_Scrolls_To_DropDowns_verifies_Cars_DropDown()"
            },
            "keyword": "When ",
            "BDD_STEP_UUID": "81f3dcd5-2055-4606-95a6-c68cd162b485"
          },
          {
            "result": {
              "duration": 18040283800,
              "status": "passed"
            },
            "line": 41,
            "name": "User Scrolls to DropDownOptions clicks and verifies Cruises DropDown",
            "match": {
              "location": "HomePageValidations.user_Scrolls_To_DropDowns_verifies_Cruises_DropDown()"
            },
            "keyword": "When ",
            "BDD_STEP_UUID": "3d51f87e-7137-44d8-ae99-5da2ef919d5e"
          },
          {
            "result": {
              "duration": 22325666200,
              "status": "passed"
            },
            "line": 42,
            "name": "User Scrolls to DropDownOptions clicks and verifies TravelDeals DropDown",
            "match": {
              "location": "HomePageValidations.user_Scrolls_To_DropDowns_verifies_TravelDeals_DropDown()"
            },
            "keyword": "When ",
            "BDD_STEP_UUID": "494d703c-8be6-43ff-aacd-257b0ce02c2a"
          }
        ],
        "tags": [
          {
            "name": "@tag"
          },
          {
            "name": "@DropDowns"
          }
        ]
      }
    ],
    "name": "FlightsPage Validations",
    "description": "",
    "id": "flightspage-validations",
    "keyword": "Feature",
    "uri": "C:/Users/shres/git/Demo-WebSite/Include/features/HomePageValidations.feature",
    "tags": [
      {
        "name": "@tag",
        "type": "Tag",
        "location": {
          "line": 19,
          "column": 1
        }
      }
    ]
  }
]