[
  {
    "line": 20,
    "elements": [
      {
        "before": [
          {
            "result": {
              "duration": 1428600,
              "status": "passed"
            },
            "match": {
              "location": "JsonData.readJsonData()"
            }
          }
        ],
        "line": 46,
        "name": "User searches for Flights(Multi-City)",
        "description": "",
        "id": "sign-in-and-flightspage;user-searches-for-flights(multi-city)",
        "type": "scenario",
        "keyword": "Scenario",
        "steps": [
          {
            "result": {
              "duration": 2963151300,
              "status": "passed"
            },
            "line": 47,
            "name": "User comes to Flights Page and verifies the element",
            "match": {
              "location": "FlightsPage.user_comes_to_flights_page_verifies()"
            },
            "keyword": "Given "
          },
          {
            "result": {
              "duration": 10420914900,
              "status": "passed"
            },
            "line": 48,
            "name": "User selects multi-city mode",
            "match": {
              "location": "FlightsPage.user_selects_multi_city_mode()"
            },
            "keyword": "When "
          },
          {
            "result": {
              "duration": 501745000,
              "status": "passed"
            },
            "line": 49,
            "name": "User selects Flight1 and verifies",
            "match": {
              "location": "FlightsPage.user_selects_flight1_verifies()"
            },
            "keyword": "When "
          },
          {
            "result": {
              "duration": 17783528500,
              "status": "passed"
            },
            "line": 50,
            "name": "User selects source and destination",
            "match": {
              "location": "FlightsPage.user_selects_source_destination()"
            },
            "keyword": "When "
          },
          {
            "result": {
              "duration": 6673546300,
              "status": "passed"
            },
            "line": 51,
            "name": "User Selects date to travel",
            "match": {
              "location": "FlightsPage.user_selects_date_oneway_mode()"
            },
            "keyword": "And "
          },
          {
            "result": {
              "duration": 505394600,
              "status": "passed"
            },
            "line": 52,
            "name": "User selects Flight2 and verifes",
            "match": {
              "location": "FlightsPage.user_selects_flight2_verifies()"
            },
            "keyword": "When "
          },
          {
            "result": {
              "duration": 8307754400,
              "status": "passed"
            },
            "line": 53,
            "name": "User selects source and destination",
            "match": {
              "location": "FlightsPage.user_selects_source_destination()"
            },
            "keyword": "When "
          },
          {
            "result": {
              "duration": 6500515500,
              "status": "passed"
            },
            "line": 54,
            "name": "User Selects date to travel",
            "match": {
              "location": "FlightsPage.user_selects_date_oneway_mode()"
            },
            "keyword": "And "
          },
          {
            "result": {
              "duration": 8763763300,
              "status": "passed"
            },
            "line": 55,
            "name": "User Searches for the Flights and adds another flight",
            "match": {
              "location": "FlightsPage.user_searches_for_flights()"
            },
            "keyword": "And "
          },
          {
            "result": {
              "duration": 6461838200,
              "status": "passed"
            },
            "line": 56,
            "name": "User Selects date to travel",
            "match": {
              "location": "FlightsPage.user_selects_date_oneway_mode()"
            },
            "keyword": "And "
          },
          {
            "result": {
              "duration": 11449797200,
              "status": "passed"
            },
            "line": 57,
            "name": "User clicks Search button and removes one flight",
            "match": {
              "location": "FlightsPage.user_clicks_search_button_removes_flight()"
            },
            "keyword": "Then "
          }
        ],
        "tags": [
          {
            "name": "@tag"
          },
          {
            "name": "@Multi-city"
          }
        ]
      }
    ],
    "name": "Sign In and FlightsPage",
    "description": "",
    "id": "sign-in-and-flightspage",
    "keyword": "Feature",
    "uri": "C:/Users/shres/git/Demo-WebSite/Include/features/FlightsPage.feature",
    "tags": [
      {
        "name": "@tag",
        "type": "Tag",
        "location": {
          "line": 19,
          "column": 1
        }
      }
    ]
  }
]