[
  {
    "line": 20,
    "elements": [
      {
        "BDD_TESTRUN_UUID": "0877b385-70b6-4296-936e-70c793ac898d",
        "before": [
          {
            "result": {
              "duration": 1428600,
              "status": "passed"
            },
            "match": {
              "location": "JsonData.readJsonData()"
            }
          }
        ],
        "line": 46,
        "name": "User searches for Flights(Multi-City)",
        "description": "",
        "id": "sign-in-and-flightspage;user-searches-for-flights(multi-city)",
        "type": "scenario",
        "keyword": "Scenario",
        "steps": [
          {
            "result": {
              "duration": 2963151300,
              "status": "passed"
            },
            "line": 47,
            "name": "User comes to Flights Page and verifies the element",
            "match": {
              "location": "FlightsPage.user_comes_to_flights_page_verifies()"
            },
            "keyword": "Given ",
            "BDD_STEP_UUID": "6f367a44-7f40-4f37-a35c-668cea3dbb99"
          },
          {
            "result": {
              "duration": 10420914900,
              "status": "passed"
            },
            "line": 48,
            "name": "User selects multi-city mode",
            "match": {
              "location": "FlightsPage.user_selects_multi_city_mode()"
            },
            "keyword": "When ",
            "BDD_STEP_UUID": "0a2cdf6d-823d-41e5-a900-ec05432dd981"
          },
          {
            "result": {
              "duration": 501745000,
              "status": "passed"
            },
            "line": 49,
            "name": "User selects Flight1 and verifies",
            "match": {
              "location": "FlightsPage.user_selects_flight1_verifies()"
            },
            "keyword": "When ",
            "BDD_STEP_UUID": "6fc92731-5200-4fa3-b6a5-91c83bebc882"
          },
          {
            "result": {
              "duration": 17783528500,
              "status": "passed"
            },
            "line": 50,
            "name": "User selects source and destination",
            "match": {
              "location": "FlightsPage.user_selects_source_destination()"
            },
            "keyword": "When ",
            "BDD_STEP_UUID": "9e7b00de-80c6-4de9-94d5-6304f22c9ffc"
          },
          {
            "result": {
              "duration": 6673546300,
              "status": "passed"
            },
            "line": 51,
            "name": "User Selects date to travel",
            "match": {
              "location": "FlightsPage.user_selects_date_oneway_mode()"
            },
            "keyword": "And ",
            "BDD_STEP_UUID": "9eb0cd89-a2e6-4f99-b1fb-897e8fe726a0"
          },
          {
            "result": {
              "duration": 505394600,
              "status": "passed"
            },
            "line": 52,
            "name": "User selects Flight2 and verifes",
            "match": {
              "location": "FlightsPage.user_selects_flight2_verifies()"
            },
            "keyword": "When ",
            "BDD_STEP_UUID": "5f50f71d-de1b-4979-91a0-e1cde9929f7a"
          },
          {
            "result": {
              "duration": 8307754400,
              "status": "passed"
            },
            "line": 53,
            "name": "User selects source and destination",
            "match": {
              "location": "FlightsPage.user_selects_source_destination()"
            },
            "keyword": "When ",
            "BDD_STEP_UUID": "8997efae-9e09-473d-a9fe-ce0211654f2a"
          },
          {
            "result": {
              "duration": 6500515500,
              "status": "passed"
            },
            "line": 54,
            "name": "User Selects date to travel",
            "match": {
              "location": "FlightsPage.user_selects_date_oneway_mode()"
            },
            "keyword": "And ",
            "BDD_STEP_UUID": "a0260b0b-6d12-48d5-b17c-bbff64d1cb31"
          },
          {
            "result": {
              "duration": 8763763300,
              "status": "passed"
            },
            "line": 55,
            "name": "User Searches for the Flights and adds another flight",
            "match": {
              "location": "FlightsPage.user_searches_for_flights()"
            },
            "keyword": "And ",
            "BDD_STEP_UUID": "66b1989a-b7bc-4242-b195-c4e9b6b0a2d6"
          },
          {
            "result": {
              "duration": 6461838200,
              "status": "passed"
            },
            "line": 56,
            "name": "User Selects date to travel",
            "match": {
              "location": "FlightsPage.user_selects_date_oneway_mode()"
            },
            "keyword": "And ",
            "BDD_STEP_UUID": "826e755c-199d-49fd-9afe-fccee759d622"
          },
          {
            "result": {
              "duration": 11449797200,
              "status": "passed"
            },
            "line": 57,
            "name": "User clicks Search button and removes one flight",
            "match": {
              "location": "FlightsPage.user_clicks_search_button_removes_flight()"
            },
            "keyword": "Then ",
            "BDD_STEP_UUID": "9e582d56-6305-446f-b8ce-47d79c68b6fc"
          }
        ],
        "tags": [
          {
            "name": "@tag"
          },
          {
            "name": "@Multi-city"
          }
        ]
      }
    ],
    "name": "Sign In and FlightsPage",
    "description": "",
    "id": "sign-in-and-flightspage",
    "keyword": "Feature",
    "uri": "C:/Users/shres/git/Demo-WebSite/Include/features/FlightsPage.feature",
    "tags": [
      {
        "name": "@tag",
        "type": "Tag",
        "location": {
          "line": 19,
          "column": 1
        }
      }
    ]
  }
]