Suite/Test/Step Name,Browser,Description,Tag,Start time,End time,Duration,Status
HomePageValidationsDropDowns,Chrome 132.0.0.0,,,02-02-2025 13:59:37,02-02-2025 14:01:27,1m - 49.678s,PASSED
,,,,,,,
Test Cases/HomePageValidationsDropDowns,Chrome 132.0.0.0,,,02-02-2025 13:59:37,02-02-2025 14:01:27,1m - 49.443s,PASSED
Start listener action : sampleBeforeTestCase,Chrome 132.0.0.0,,,02-02-2025 13:59:37,02-02-2025 13:59:38,0.222s,PASSED
Start listener action : sampleBeforeTestCase,Chrome 132.0.0.0,,,02-02-2025 13:59:38,02-02-2025 13:59:38,0.000s,PASSED
"runFeatureFileWithTags(""Include/features/HomePageValidations.feature"", [""@DropDowns""])",Chrome 132.0.0.0,,,02-02-2025 13:59:38,02-02-2025 14:01:27,1m - 49.123s,PASSED
Start listener action : sampleAfterTestCase,Chrome 132.0.0.0,,,02-02-2025 14:01:27,02-02-2025 14:01:27,0.001s,PASSED
