Suite/Test/Step Name,Browser,Description,Tag,Start time,End time,Duration,Status
RoundTripFilters,Chrome 132.0.0.0,,,02-02-2025 14:01:35,02-02-2025 14:05:12,3m - 37.046s,PASSED
,,,,,,,
Test Cases/RoundTripFilters,Chrome 132.0.0.0,,,02-02-2025 14:01:35,02-02-2025 14:05:12,3m - 36.729s,PASSED
Start listener action : sampleBeforeTestCase,Chrome 132.0.0.0,,,02-02-2025 14:01:35,02-02-2025 14:01:35,0.258s,PASSED
Start listener action : sampleBeforeTestCase,Chrome 132.0.0.0,,,02-02-2025 14:01:35,02-02-2025 14:01:35,0.000s,PASSED
"runFeatureFileWithTags(""Include/features/FlightsPage.feature"", [""@RoundTripFilters""])",Chrome 132.0.0.0,,,02-02-2025 14:01:35,02-02-2025 14:05:12,3m - 36.358s,PASSED
Start listener action : sampleAfterTestCase,Chrome 132.0.0.0,,,02-02-2025 14:05:12,02-02-2025 14:05:12,0.000s,PASSED
