[
  {
    "line": 20,
    "elements": [
      {
        "line": 25,
        "name": "User comes to the website",
        "description": "",
        "type": "background",
        "keyword": "Background",
        "steps": [
          {
            "result": {
              "duration": 6885357500,
              "status": "passed"
            },
            "line": 26,
            "name": "User opens browser",
            "match": {
              "location": "FlightsPage.user_opens_browser()"
            },
            "keyword": "Given "
          }
        ]
      },
      {
        "before": [
          {
            "result": {
              "duration": 12429300,
              "status": "passed"
            },
            "match": {
              "location": "JsonData.readJsonData()"
            }
          }
        ],
        "line": 90,
        "name": "User searches for Flights (One-way) - Sorting",
        "description": "",
        "id": "sign-in-and-flightspage;user-searches-for-flights-(one-way)---sorting",
        "type": "scenario",
        "keyword": "Scenario",
        "steps": [
          {
            "result": {
              "duration": 2989839900,
              "status": "passed"
            },
            "line": 91,
            "name": "User comes to Flights Page and verifies the element",
            "match": {
              "location": "FlightsPage.user_comes_to_flights_page_verifies()"
            },
            "keyword": "Given "
          },
          {
            "result": {
              "duration": 813396000,
              "status": "passed"
            },
            "line": 92,
            "name": "User selects one-way mode",
            "match": {
              "location": "FlightsPage.user_selects_oneway_mode()"
            },
            "keyword": "When "
          },
          {
            "result": {
              "duration": 9323152600,
              "status": "passed"
            },
            "line": 93,
            "name": "User selects source and destination",
            "match": {
              "location": "FlightsPage.user_selects_source_destination()"
            },
            "keyword": "When "
          },
          {
            "result": {
              "duration": 7008349800,
              "status": "passed"
            },
            "line": 94,
            "name": "User Selects date to travel",
            "match": {
              "location": "FlightsPage.user_selects_date_oneway_mode()"
            },
            "keyword": "And "
          },
          {
            "result": {
              "duration": 11811569000,
              "status": "passed"
            },
            "line": 95,
            "name": "User selects number of travellers",
            "match": {
              "location": "FlightsPage.user_selects_number_of_Travellers()"
            },
            "keyword": "When "
          },
          {
            "result": {
              "duration": 31546303600,
              "status": "passed"
            },
            "line": 96,
            "name": "User clicks addPlaceToStay checkbox and searches",
            "match": {
              "location": "FlightsPage.user_clicks_addPlaceToStay_checkbox_search()"
            },
            "keyword": "And "
          },
          {
            "result": {
              "duration": 51062675200,
              "status": "passed"
            },
            "line": 97,
            "name": "User adds accomodation filter and searches",
            "match": {
              "location": "FlightsPage.user_adds_accomodation_filter_searches()"
            },
            "keyword": "And "
          },
          {
            "result": {
              "duration": 9733982800,
              "status": "passed"
            },
            "line": 98,
            "name": "User selects Filter Price Low To High and verifies",
            "match": {
              "location": "FlightsPage.user_selects_price_low_to_high_verifies()"
            },
            "keyword": "When "
          },
          {
            "result": {
              "duration": 9499778200,
              "status": "passed"
            },
            "line": 99,
            "name": "User selects Filter Price High To Low and verifies",
            "match": {
              "location": "FlightsPage.user_selects_price_high_to_low_verifies()"
            },
            "keyword": "When "
          },
          {
            "result": {
              "duration": 7925883200,
              "status": "passed"
            },
            "line": 100,
            "name": "User selects Filter Distance from DownTown and verifies",
            "match": {
              "location": "FlightsPage.user_selects_distance_from_downTown_verifies()"
            },
            "keyword": "When "
          },
          {
            "result": {
              "duration": 10018974000,
              "status": "passed"
            },
            "line": 101,
            "name": "User selects Filter Guest Rating and verifies",
            "match": {
              "location": "FlightsPage.user_selects_guest_rating_verifies()"
            },
            "keyword": "When "
          },
          {
            "result": {
              "duration": 8587741100,
              "status": "passed"
            },
            "line": 102,
            "name": "User selects Filter Star Rating and verifies",
            "match": {
              "location": "FlightsPage.user_selects_star_rating_verifies()"
            },
            "keyword": "When "
          },
          {
            "result": {
              "duration": 13071393600,
              "status": "passed"
            },
            "line": 103,
            "name": "User selects Filter PercentageDiscount and verifies",
            "match": {
              "location": "FlightsPage.user_selects_percentageDiscount_verifies()"
            },
            "keyword": "When "
          }
        ],
        "tags": [
          {
            "name": "@tag"
          },
          {
            "name": "@FlightSorting"
          }
        ]
      }
    ],
    "name": "Sign In and FlightsPage",
    "description": "",
    "id": "sign-in-and-flightspage",
    "keyword": "Feature",
    "uri": "C:/Users/shres/git/Demo-WebSite/Include/features/FlightsPage.feature",
    "tags": [
      {
        "name": "@tag",
        "type": "Tag",
        "location": {
          "line": 19,
          "column": 1
        }
      }
    ]
  }
]