[
  {
    "line": 20,
    "elements": [
      {
        "BDD_TESTRUN_UUID": "3102032f-005a-471d-946f-72a82b5d20e5",
        "line": 25,
        "name": "User comes to the website",
        "description": "",
        "type": "background",
        "keyword": "Background",
        "steps": [
          {
            "result": {
              "duration": 6885357500,
              "status": "passed"
            },
            "line": 26,
            "name": "User opens browser",
            "match": {
              "location": "FlightsPage.user_opens_browser()"
            },
            "keyword": "Given ",
            "BDD_STEP_UUID": "6d720bc5-dce5-43a0-876f-493058cbef53"
          }
        ]
      },
      {
        "BDD_TESTRUN_UUID": "3102032f-005a-471d-946f-72a82b5d20e5",
        "before": [
          {
            "result": {
              "duration": 12429300,
              "status": "passed"
            },
            "match": {
              "location": "JsonData.readJsonData()"
            }
          }
        ],
        "line": 90,
        "name": "User searches for Flights (One-way) - Sorting",
        "description": "",
        "id": "sign-in-and-flightspage;user-searches-for-flights-(one-way)---sorting",
        "type": "scenario",
        "keyword": "Scenario",
        "steps": [
          {
            "result": {
              "duration": 2989839900,
              "status": "passed"
            },
            "line": 91,
            "name": "User comes to Flights Page and verifies the element",
            "match": {
              "location": "FlightsPage.user_comes_to_flights_page_verifies()"
            },
            "keyword": "Given ",
            "BDD_STEP_UUID": "1fadd1e2-427f-42ca-98cb-1cb792ffd65d"
          },
          {
            "result": {
              "duration": 813396000,
              "status": "passed"
            },
            "line": 92,
            "name": "User selects one-way mode",
            "match": {
              "location": "FlightsPage.user_selects_oneway_mode()"
            },
            "keyword": "When ",
            "BDD_STEP_UUID": "7d597aa3-925f-4bb3-86e4-e83ccc33f8f3"
          },
          {
            "result": {
              "duration": 9323152600,
              "status": "passed"
            },
            "line": 93,
            "name": "User selects source and destination",
            "match": {
              "location": "FlightsPage.user_selects_source_destination()"
            },
            "keyword": "When ",
            "BDD_STEP_UUID": "374eaaad-b20d-4fa4-8f27-42aba3d47693"
          },
          {
            "result": {
              "duration": 7008349800,
              "status": "passed"
            },
            "line": 94,
            "name": "User Selects date to travel",
            "match": {
              "location": "FlightsPage.user_selects_date_oneway_mode()"
            },
            "keyword": "And ",
            "BDD_STEP_UUID": "0527f135-2828-4ab4-915f-09518648ff37"
          },
          {
            "result": {
              "duration": 11811569000,
              "status": "passed"
            },
            "line": 95,
            "name": "User selects number of travellers",
            "match": {
              "location": "FlightsPage.user_selects_number_of_Travellers()"
            },
            "keyword": "When ",
            "BDD_STEP_UUID": "7e73e53b-b70d-45cc-b5e8-0c75bedb0ec5"
          },
          {
            "result": {
              "duration": 31546303600,
              "status": "passed"
            },
            "line": 96,
            "name": "User clicks addPlaceToStay checkbox and searches",
            "match": {
              "location": "FlightsPage.user_clicks_addPlaceToStay_checkbox_search()"
            },
            "keyword": "And ",
            "BDD_STEP_UUID": "859e8d8c-f1c7-4fc5-9711-f29bca34e90e"
          },
          {
            "result": {
              "duration": 51062675200,
              "status": "passed"
            },
            "line": 97,
            "name": "User adds accomodation filter and searches",
            "match": {
              "location": "FlightsPage.user_adds_accomodation_filter_searches()"
            },
            "keyword": "And ",
            "BDD_STEP_UUID": "dc8fa257-6aea-4b59-a076-b00c01f7018c"
          },
          {
            "result": {
              "duration": 9733982800,
              "status": "passed"
            },
            "line": 98,
            "name": "User selects Filter Price Low To High and verifies",
            "match": {
              "location": "FlightsPage.user_selects_price_low_to_high_verifies()"
            },
            "keyword": "When ",
            "BDD_STEP_UUID": "c58d4817-bc04-4828-97c6-542b78d8232c"
          },
          {
            "result": {
              "duration": 9499778200,
              "status": "passed"
            },
            "line": 99,
            "name": "User selects Filter Price High To Low and verifies",
            "match": {
              "location": "FlightsPage.user_selects_price_high_to_low_verifies()"
            },
            "keyword": "When ",
            "BDD_STEP_UUID": "4dfbc005-090d-4d79-bb41-d1c7f1244c2d"
          },
          {
            "result": {
              "duration": 7925883200,
              "status": "passed"
            },
            "line": 100,
            "name": "User selects Filter Distance from DownTown and verifies",
            "match": {
              "location": "FlightsPage.user_selects_distance_from_downTown_verifies()"
            },
            "keyword": "When ",
            "BDD_STEP_UUID": "321831a2-2bcb-4868-8ab8-a64cdcd58b75"
          },
          {
            "result": {
              "duration": 10018974000,
              "status": "passed"
            },
            "line": 101,
            "name": "User selects Filter Guest Rating and verifies",
            "match": {
              "location": "FlightsPage.user_selects_guest_rating_verifies()"
            },
            "keyword": "When ",
            "BDD_STEP_UUID": "f7ecc19f-6d39-48a4-92fb-eac83d1dcf7b"
          },
          {
            "result": {
              "duration": 8587741100,
              "status": "passed"
            },
            "line": 102,
            "name": "User selects Filter Star Rating and verifies",
            "match": {
              "location": "FlightsPage.user_selects_star_rating_verifies()"
            },
            "keyword": "When ",
            "BDD_STEP_UUID": "9b14e8cc-b125-4192-9c90-26bb5e53316a"
          },
          {
            "result": {
              "duration": 13071393600,
              "status": "passed"
            },
            "line": 103,
            "name": "User selects Filter PercentageDiscount and verifies",
            "match": {
              "location": "FlightsPage.user_selects_percentageDiscount_verifies()"
            },
            "keyword": "When ",
            "BDD_STEP_UUID": "c74a1fe7-93d8-4667-a0d5-f8799438df86"
          }
        ],
        "tags": [
          {
            "name": "@tag"
          },
          {
            "name": "@FlightSorting"
          }
        ]
      }
    ],
    "name": "Sign In and FlightsPage",
    "description": "",
    "id": "sign-in-and-flightspage",
    "keyword": "Feature",
    "uri": "C:/Users/shres/git/Demo-WebSite/Include/features/FlightsPage.feature",
    "tags": [
      {
        "name": "@tag",
        "type": "Tag",
        "location": {
          "line": 19,
          "column": 1
        }
      }
    ]
  }
]