[
  {
    "line": 20,
    "elements": [
      {
        "line": 22,
        "name": "User navigates to HomePage",
        "description": "",
        "type": "background",
        "keyword": "Background",
        "steps": [
          {
            "result": {
              "duration": 7742072100,
              "status": "passed"
            },
            "line": 23,
            "name": "User comes to the home page",
            "match": {
              "location": "HomePageValidations.user_comes_to_home_page()"
            },
            "keyword": "Given "
          }
        ]
      },
      {
        "before": [
          {
            "result": {
              "duration": 18994900,
              "status": "passed"
            },
            "match": {
              "location": "JsonData.readJsonData()"
            }
          }
        ],
        "line": 26,
        "name": "HomePageValidations",
        "description": "",
        "id": "flightspage-validations;homepagevalidations",
        "type": "scenario",
        "keyword": "Scenario",
        "steps": [
          {
            "result": {
              "duration": 2067602900,
              "status": "passed"
            },
            "line": 27,
            "name": "User comes to Flights Page and verifies the element",
            "match": {
              "location": "FlightsPage.user_comes_to_flights_page_verifies()"
            },
            "keyword": "Given "
          },
          {
            "result": {
              "duration": 24076161600,
              "status": "passed"
            },
            "line": 30,
            "name": "User Scrolls to ThirdBanner,clicks and verifies the elements",
            "match": {
              "location": "HomePageValidations.user_scrolls_to_thirdBanner()"
            },
            "keyword": "When "
          },
          {
            "result": {
              "duration": 25244894200,
              "status": "passed"
            },
            "line": 31,
            "name": "User Scrolls to Resorts,clicks and verifies the elements",
            "match": {
              "location": "HomePageValidations.user_scrolls_to_resorts()"
            },
            "keyword": "When "
          },
          {
            "result": {
              "duration": 11426170100,
              "status": "passed"
            },
            "line": 32,
            "name": "User Scrolls to StartPlanningYourTrip,clicks and verifies the elements",
            "match": {
              "location": "HomePageValidations.user_scroll_to_startPlanningYourTrip_verifies()"
            },
            "keyword": "When "
          },
          {
            "result": {
              "error_message": "com.kms.katalon.core.exception.StepFailedException: Unable to verify object \u0027Object Repository/HomePageValidations/ChatBot/chatbot_iframe\u0027 is present\r\n\tat com.kms.katalon.core.webui.keyword.internal.WebUIKeywordMain.stepFailed(WebUIKeywordMain.groovy:117)\r\n\tat com.kms.katalon.core.webui.keyword.internal.WebUIKeywordMain.runKeyword(WebUIKeywordMain.groovy:43)\r\n\tat com.kms.katalon.core.webui.keyword.builtin.VerifyElementPresentKeyword.verifyElementPresent(VerifyElementPresentKeyword.groovy:92)\r\n\tat com.kms.katalon.core.webui.keyword.builtin.VerifyElementPresentKeyword.execute(VerifyElementPresentKeyword.groovy:68)\r\n\tat com.kms.katalon.core.keyword.internal.KeywordExecutor.executeKeywordForPlatform(KeywordExecutor.groovy:74)\r\n\tat com.kms.katalon.core.webui.keyword.WebUiBuiltInKeywords.verifyElementPresent(WebUiBuiltInKeywords.groovy:1540)\r\n\tat stepDefinations.HomePageValidations.user_scrolls_to_chatBot_verifies(HomePageValidations.java:207)\r\n\tat ✽.User Scrolls to ChatBot,clicks and verifies the grids(C:/Users/shres/git/Demo-WebSite/Include/features/HomePageValidations.feature:33)\r\nCaused by: com.kms.katalon.core.exception.StepFailedException: com.kms.katalon.core.webui.exception.WebElementNotFoundException: Web element with id: \u0027Object Repository/HomePageValidations/ChatBot/parentIframe\u0027 located by \u0027//iframe[@class\u003d\u0027vac_iframe vac_chat_pane\u0027]\u0027 not found\r\n\tat com.kms.katalon.core.webui.keyword.internal.WebUIKeywordMain.stepFailed(WebUIKeywordMain.groovy:117)\r\n\tat com.kms.katalon.core.webui.keyword.builtin.VerifyElementPresentKeyword$_verifyElementPresent_closure1.doCall(VerifyElementPresentKeyword.groovy:85)\r\n\tat com.kms.katalon.core.webui.keyword.builtin.VerifyElementPresentKeyword$_verifyElementPresent_closure1.call(VerifyElementPresentKeyword.groovy)\r\n\tat com.kms.katalon.core.webui.keyword.internal.WebUIKeywordMain.runKeyword(WebUIKeywordMain.groovy:35)\r\n\tat com.kms.katalon.core.webui.keyword.builtin.VerifyElementPresentKeyword.verifyElementPresent(VerifyElementPresentKeyword.groovy:92)\r\n\tat com.kms.katalon.core.webui.keyword.builtin.VerifyElementPresentKeyword.execute(VerifyElementPresentKeyword.groovy:68)\r\n\tat com.kms.katalon.core.keyword.internal.KeywordExecutor.executeKeywordForPlatform(KeywordExecutor.groovy:74)\r\n\tat com.kms.katalon.core.webui.keyword.WebUiBuiltInKeywords.verifyElementPresent(WebUiBuiltInKeywords.groovy:1540)\r\n\tat stepDefinations.HomePageValidations.user_scrolls_to_chatBot_verifies(HomePageValidations.java:207)\r\n\tat java.base/jdk.internal.reflect.NativeMethodAccessorImpl.invoke0(Native Method)\r\n\tat java.base/jdk.internal.reflect.NativeMethodAccessorImpl.invoke(NativeMethodAccessorImpl.java:77)\r\n\tat java.base/jdk.internal.reflect.DelegatingMethodAccessorImpl.invoke(DelegatingMethodAccessorImpl.java:43)\r\n\tat cucumber.runtime.Utils$1.call(Utils.java:26)\r\n\tat cucumber.runtime.Timeout.timeout(Timeout.java:16)\r\n\tat cucumber.runtime.Utils.invoke(Utils.java:20)\r\n\tat cucumber.runtime.java.JavaStepDefinition.execute(JavaStepDefinition.java:48)\r\n\tat cucumber.runtime.PickleStepDefinitionMatch.runStep(PickleStepDefinitionMatch.java:50)\r\n\tat cucumber.runner.TestStep.executeStep(TestStep.java:72)\r\n\tat cucumber.runner.TestStep.run(TestStep.java:54)\r\n\tat cucumber.runner.PickleStepTestStep.run(PickleStepTestStep.java:53)\r\n\tat cucumber.runner.TestCase.run(TestCase.java:47)\r\n\tat cucumber.runner.Runner.runPickle(Runner.java:44)\r\n\tat cucumber.runtime.Runtime.runFeature(Runtime.java:120)\r\n\tat cucumber.runtime.Runtime.run(Runtime.java:106)\r\n\tat cucumber.api.cli.Main.run(Main.java:35)\r\n\tat cucumber.api.cli.Main$run.call(Unknown Source)\r\n\tat com.kms.katalon.core.cucumber.keyword.CucumberBuiltinKeywords$_runFeatureFileWithTags_closure2.doCall(CucumberBuiltinKeywords.groovy:206)\r\n\tat com.kms.katalon.core.cucumber.keyword.CucumberBuiltinKeywords$_runFeatureFileWithTags_closure2.doCall(CucumberBuiltinKeywords.groovy)\r\n\tat java.base/jdk.internal.reflect.NativeMethodAccessorImpl.invoke0(Native Method)\r\n\tat java.base/jdk.internal.reflect.NativeMethodAccessorImpl.invoke(NativeMethodAccessorImpl.java:77)\r\n\tat java.base/jdk.internal.reflect.DelegatingMethodAccessorImpl.invoke(DelegatingMethodAccessorImpl.java:43)\r\n\tat com.kms.katalon.core.keyword.internal.KeywordMain.runKeyword(KeywordMain.groovy:75)\r\n\tat com.kms.katalon.core.keyword.internal.KeywordMain.runKeyword(KeywordMain.groovy:69)\r\n\tat com.kms.katalon.core.keyword.internal.KeywordMain$runKeyword.call(Unknown Source)\r\n\tat com.kms.katalon.core.cucumber.keyword.CucumberBuiltinKeywords.runFeatureFileWithTags(CucumberBuiltinKeywords.groovy:166)\r\n\tat com.kms.katalon.core.cucumber.keyword.CucumberBuiltinKeywords$runFeatureFileWithTags.callStatic(Unknown Source)\r\n\tat com.kms.katalon.core.cucumber.keyword.CucumberBuiltinKeywords.runFeatureFileWithTags(CucumberBuiltinKeywords.groovy:300)\r\n\tat HomePageValidations.run(HomePageValidations:22)\r\n\tat com.kms.katalon.core.main.ScriptEngine.run(ScriptEngine.java:194)\r\n\tat com.kms.katalon.core.main.ScriptEngine.runScriptAsRawText(ScriptEngine.java:119)\r\n\tat com.kms.katalon.core.main.TestCaseExecutor.runScript(TestCaseExecutor.java:448)\r\n\tat com.kms.katalon.core.main.TestCaseExecutor.doExecute(TestCaseExecutor.java:439)\r\n\tat com.kms.katalon.core.main.TestCaseExecutor.processExecutionPhase(TestCaseExecutor.java:418)\r\n\tat com.kms.katalon.core.main.TestCaseExecutor.accessMainPhase(TestCaseExecutor.java:410)\r\n\tat com.kms.katalon.core.main.TestCaseExecutor.execute(TestCaseExecutor.java:285)\r\n\tat com.kms.katalon.core.common.CommonExecutor.accessTestCaseMainPhase(CommonExecutor.java:65)\r\n\tat com.kms.katalon.core.main.TestSuiteExecutor.accessTestSuiteMainPhase(TestSuiteExecutor.java:161)\r\n\tat com.kms.katalon.core.main.TestSuiteExecutor.execute(TestSuiteExecutor.java:107)\r\n\tat com.kms.katalon.core.main.TestCaseMain.startTestSuite(TestCaseMain.java:176)\r\n\tat TempTestSuite1738475568067.run(TempTestSuite1738475568067.groovy:35)\r\n\tat java.base/jdk.internal.reflect.NativeMethodAccessorImpl.invoke0(Native Method)\r\n\tat java.base/jdk.internal.reflect.NativeMethodAccessorImpl.invoke(NativeMethodAccessorImpl.java:77)\r\n\tat java.base/jdk.internal.reflect.DelegatingMethodAccessorImpl.invoke(DelegatingMethodAccessorImpl.java:43)\r\n",
              "duration": 11342961400,
              "status": "failed"
            },
            "line": 33,
            "name": "User Scrolls to ChatBot,clicks and verifies the grids",
            "match": {
              "location": "HomePageValidations.user_scrolls_to_chatBot_verifies()"
            },
            "keyword": "When "
          }
        ],
        "tags": [
          {
            "name": "@tag"
          },
          {
            "name": "@HomePageValidations"
          }
        ]
      }
    ],
    "name": "FlightsPage Validations",
    "description": "",
    "id": "flightspage-validations",
    "keyword": "Feature",
    "uri": "C:/Users/shres/git/Demo-WebSite/Include/features/HomePageValidations.feature",
    "tags": [
      {
        "name": "@tag",
        "type": "Tag",
        "location": {
          "line": 19,
          "column": 1
        }
      }
    ]
  }
]