Suite/Test/Step Name,Browser,Description,Tag,Start time,End time,Duration,Status
FlightSorting,Chrome 132.0.0.0,,,02-02-2025 14:05:19,02-02-2025 14:08:21,3m - 1.919s,PASSED
,,,,,,,
Test Cases/FlightSorting,Chrome 132.0.0.0,,,02-02-2025 14:05:20,02-02-2025 14:08:21,3m - 1.658s,PASSED
Start listener action : sampleBeforeTestCase,Chrome 132.0.0.0,,,02-02-2025 14:05:20,02-02-2025 14:05:20,0.259s,PASSED
Start listener action : sampleBeforeTestCase,Chrome 132.0.0.0,,,02-02-2025 14:05:20,02-02-2025 14:05:20,0.000s,PASSED
"runFeatureFileWithTags(""Include/features/FlightsPage.feature"", [""@FlightSorting""])",Chrome 132.0.0.0,,,02-02-2025 14:05:20,02-02-2025 14:08:21,3m - 1.298s,PASSED
Start listener action : sampleAfterTestCase,Chrome 132.0.0.0,,,02-02-2025 14:08:21,02-02-2025 14:08:21,0.000s,PASSED
