[
  {
    "line": 20,
    "elements": [
      {
        "line": 25,
        "name": "User comes to the website",
        "description": "",
        "type": "background",
        "keyword": "Background",
        "steps": [
          {
            "result": {
              "duration": 6655705500,
              "status": "passed"
            },
            "line": 26,
            "name": "User opens browser",
            "match": {
              "location": "FlightsPage.user_opens_browser()"
            },
            "keyword": "Given "
          }
        ]
      },
      {
        "before": [
          {
            "result": {
              "duration": 18187700,
              "status": "passed"
            },
            "match": {
              "location": "JsonData.readJsonData()"
            }
          }
        ],
        "line": 29,
        "name": "User Searches for Flights (RoundTrip)",
        "description": "",
        "id": "sign-in-and-flightspage;user-searches-for-flights-(roundtrip)",
        "type": "scenario",
        "keyword": "Scenario",
        "steps": [
          {
            "result": {
              "duration": 2666831400,
              "status": "passed"
            },
            "line": 30,
            "name": "User comes to Flights Page and verifies the element",
            "match": {
              "location": "FlightsPage.user_comes_to_flights_page_verifies()"
            },
            "keyword": "Given "
          },
          {
            "result": {
              "duration": 7872745700,
              "status": "passed"
            },
            "line": 31,
            "name": "User selects source and destination",
            "match": {
              "location": "FlightsPage.user_selects_source_destination()"
            },
            "keyword": "When "
          },
          {
            "result": {
              "duration": 8766598700,
              "status": "passed"
            },
            "line": 32,
            "name": "User selects Departing and Returning dates",
            "match": {
              "location": "FlightsPage.user_selects_departing_returning_dates()"
            },
            "keyword": "When "
          },
          {
            "result": {
              "duration": 11442421400,
              "status": "passed"
            },
            "line": 33,
            "name": "User selects number of travellers",
            "match": {
              "location": "FlightsPage.user_selects_number_of_Travellers()"
            },
            "keyword": "When "
          },
          {
            "result": {
              "duration": 28172111800,
              "status": "passed"
            },
            "line": 34,
            "name": "User clicks the checkBoxes and clicks search button",
            "match": {
              "location": "FlightsPage.user_clicks_the_checkboxes()"
            },
            "keyword": "Then "
          }
        ],
        "tags": [
          {
            "name": "@tag"
          },
          {
            "name": "@Roundtrip"
          }
        ]
      }
    ],
    "name": "Sign In and FlightsPage",
    "description": "",
    "id": "sign-in-and-flightspage",
    "keyword": "Feature",
    "uri": "C:/Users/shres/git/Demo-WebSite/Include/features/FlightsPage.feature",
    "tags": [
      {
        "name": "@tag",
        "type": "Tag",
        "location": {
          "line": 19,
          "column": 1
        }
      }
    ]
  }
]