[
  {
    "line": 20,
    "elements": [
      {
        "BDD_TESTRUN_UUID": "ff21a800-ec45-4c66-8fe3-8905aa008038",
        "line": 25,
        "name": "User comes to the website",
        "description": "",
        "type": "background",
        "keyword": "Background",
        "steps": [
          {
            "result": {
              "duration": 6655705500,
              "status": "passed"
            },
            "line": 26,
            "name": "User opens browser",
            "match": {
              "location": "FlightsPage.user_opens_browser()"
            },
            "keyword": "Given ",
            "BDD_STEP_UUID": "a73b22b2-23a5-4be6-b7a0-f998117b8369"
          }
        ]
      },
      {
        "BDD_TESTRUN_UUID": "ff21a800-ec45-4c66-8fe3-8905aa008038",
        "before": [
          {
            "result": {
              "duration": 18187700,
              "status": "passed"
            },
            "match": {
              "location": "JsonData.readJsonData()"
            }
          }
        ],
        "line": 29,
        "name": "User Searches for Flights (RoundTrip)",
        "description": "",
        "id": "sign-in-and-flightspage;user-searches-for-flights-(roundtrip)",
        "type": "scenario",
        "keyword": "Scenario",
        "steps": [
          {
            "result": {
              "duration": 2666831400,
              "status": "passed"
            },
            "line": 30,
            "name": "User comes to Flights Page and verifies the element",
            "match": {
              "location": "FlightsPage.user_comes_to_flights_page_verifies()"
            },
            "keyword": "Given ",
            "BDD_STEP_UUID": "6fc02815-bae0-4547-852b-43ec70ec3ac9"
          },
          {
            "result": {
              "duration": 7872745700,
              "status": "passed"
            },
            "line": 31,
            "name": "User selects source and destination",
            "match": {
              "location": "FlightsPage.user_selects_source_destination()"
            },
            "keyword": "When ",
            "BDD_STEP_UUID": "ec83574b-123b-4b76-bbfb-f5cadb555a0b"
          },
          {
            "result": {
              "duration": 8766598700,
              "status": "passed"
            },
            "line": 32,
            "name": "User selects Departing and Returning dates",
            "match": {
              "location": "FlightsPage.user_selects_departing_returning_dates()"
            },
            "keyword": "When ",
            "BDD_STEP_UUID": "b6e0e3f4-ab20-4058-9dc3-af7ca016748a"
          },
          {
            "result": {
              "duration": 11442421400,
              "status": "passed"
            },
            "line": 33,
            "name": "User selects number of travellers",
            "match": {
              "location": "FlightsPage.user_selects_number_of_Travellers()"
            },
            "keyword": "When ",
            "BDD_STEP_UUID": "7489751c-ca96-4e66-9db5-e4fead984ff2"
          },
          {
            "result": {
              "duration": 28172111800,
              "status": "passed"
            },
            "line": 34,
            "name": "User clicks the checkBoxes and clicks search button",
            "match": {
              "location": "FlightsPage.user_clicks_the_checkboxes()"
            },
            "keyword": "Then ",
            "BDD_STEP_UUID": "560e59b1-c133-4faa-8fb0-b096ea62a215"
          }
        ],
        "tags": [
          {
            "name": "@tag"
          },
          {
            "name": "@Roundtrip"
          }
        ]
      }
    ],
    "name": "Sign In and FlightsPage",
    "description": "",
    "id": "sign-in-and-flightspage",
    "keyword": "Feature",
    "uri": "C:/Users/shres/git/Demo-WebSite/Include/features/FlightsPage.feature",
    "tags": [
      {
        "name": "@tag",
        "type": "Tag",
        "location": {
          "line": 19,
          "column": 1
        }
      }
    ]
  }
]