[
  {
    "line": 20,
    "elements": [
      {
        "line": 25,
        "name": "User comes to the website",
        "description": "",
        "type": "background",
        "keyword": "Background",
        "steps": [
          {
            "result": {
              "duration": 4449924700,
              "status": "passed"
            },
            "line": 26,
            "name": "User opens browser",
            "match": {
              "location": "FlightsPage.user_opens_browser()"
            },
            "keyword": "Given "
          }
        ]
      },
      {
        "before": [
          {
            "result": {
              "duration": 30864100,
              "status": "passed"
            },
            "match": {
              "location": "JsonData.readJsonData()"
            }
          }
        ],
        "line": 46,
        "name": "User searches for Flights(Multi-City)",
        "description": "",
        "id": "sign-in-and-flightspage;user-searches-for-flights(multi-city)",
        "type": "scenario",
        "keyword": "Scenario",
        "steps": [
          {
            "result": {
              "duration": 3680867400,
              "status": "passed"
            },
            "line": 47,
            "name": "User comes to Flights Page and verifies the element",
            "match": {
              "location": "FlightsPage.user_comes_to_flights_page_verifies()"
            },
            "keyword": "Given "
          },
          {
            "result": {
              "duration": 10316365200,
              "status": "passed"
            },
            "line": 48,
            "name": "User selects multi-city mode",
            "match": {
              "location": "FlightsPage.user_selects_multi_city_mode()"
            },
            "keyword": "When "
          },
          {
            "result": {
              "duration": 514463800,
              "status": "passed"
            },
            "line": 49,
            "name": "User selects Flight1 and verifies",
            "match": {
              "location": "FlightsPage.user_selects_flight1_verifies()"
            },
            "keyword": "When "
          },
          {
            "result": {
              "duration": 7283622700,
              "status": "passed"
            },
            "line": 50,
            "name": "User selects source and destination",
            "match": {
              "location": "FlightsPage.user_selects_source_destination()"
            },
            "keyword": "When "
          },
          {
            "result": {
              "duration": 6485348400,
              "status": "passed"
            },
            "line": 51,
            "name": "User Selects date to travel",
            "match": {
              "location": "FlightsPage.user_selects_date_oneway_mode()"
            },
            "keyword": "And "
          },
          {
            "result": {
              "duration": 501516800,
              "status": "passed"
            },
            "line": 52,
            "name": "User selects Flight2 and verifes",
            "match": {
              "location": "FlightsPage.user_selects_flight2_verifies()"
            },
            "keyword": "When "
          },
          {
            "result": {
              "duration": 7355277700,
              "status": "passed"
            },
            "line": 53,
            "name": "User selects source and destination",
            "match": {
              "location": "FlightsPage.user_selects_source_destination()"
            },
            "keyword": "When "
          },
          {
            "result": {
              "duration": 6320396100,
              "status": "passed"
            },
            "line": 54,
            "name": "User Selects date to travel",
            "match": {
              "location": "FlightsPage.user_selects_date_oneway_mode()"
            },
            "keyword": "And "
          },
          {
            "result": {
              "duration": 8361717200,
              "status": "passed"
            },
            "line": 55,
            "name": "User Searches for the Flights and adds another flight",
            "match": {
              "location": "FlightsPage.user_searches_for_flights()"
            },
            "keyword": "And "
          },
          {
            "result": {
              "duration": 6250814800,
              "status": "passed"
            },
            "line": 56,
            "name": "User Selects date to travel",
            "match": {
              "location": "FlightsPage.user_selects_date_oneway_mode()"
            },
            "keyword": "And "
          },
          {
            "result": {
              "duration": 28365536800,
              "status": "passed"
            },
            "line": 57,
            "name": "User clicks Search button and removes one flight",
            "match": {
              "location": "FlightsPage.user_clicks_search_button_removes_flight()"
            },
            "keyword": "Then "
          }
        ],
        "tags": [
          {
            "name": "@tag"
          },
          {
            "name": "@Multi-city"
          }
        ]
      }
    ],
    "name": "Sign In and FlightsPage",
    "description": "",
    "id": "sign-in-and-flightspage",
    "keyword": "Feature",
    "uri": "C:/Users/shres/git/Demo-WebSite/Include/features/FlightsPage.feature",
    "tags": [
      {
        "name": "@tag",
        "type": "Tag",
        "location": {
          "line": 19,
          "column": 1
        }
      }
    ]
  }
]