[
  {
    "line": 20,
    "elements": [
      {
        "BDD_TESTRUN_UUID": "ea5ec3dd-8eb5-41b2-aaaa-5a2bc42fd443",
        "line": 25,
        "name": "User comes to the website",
        "description": "",
        "type": "background",
        "keyword": "Background",
        "steps": [
          {
            "result": {
              "duration": 4449924700,
              "status": "passed"
            },
            "line": 26,
            "name": "User opens browser",
            "match": {
              "location": "FlightsPage.user_opens_browser()"
            },
            "keyword": "Given ",
            "BDD_STEP_UUID": "2c8c79ea-8fdc-4725-ad88-7166ea2faa3c"
          }
        ]
      },
      {
        "BDD_TESTRUN_UUID": "ea5ec3dd-8eb5-41b2-aaaa-5a2bc42fd443",
        "before": [
          {
            "result": {
              "duration": 30864100,
              "status": "passed"
            },
            "match": {
              "location": "JsonData.readJsonData()"
            }
          }
        ],
        "line": 46,
        "name": "User searches for Flights(Multi-City)",
        "description": "",
        "id": "sign-in-and-flightspage;user-searches-for-flights(multi-city)",
        "type": "scenario",
        "keyword": "Scenario",
        "steps": [
          {
            "result": {
              "duration": 3680867400,
              "status": "passed"
            },
            "line": 47,
            "name": "User comes to Flights Page and verifies the element",
            "match": {
              "location": "FlightsPage.user_comes_to_flights_page_verifies()"
            },
            "keyword": "Given ",
            "BDD_STEP_UUID": "61ba4517-1e2f-4646-b2f5-b8189cdf2bfe"
          },
          {
            "result": {
              "duration": 10316365200,
              "status": "passed"
            },
            "line": 48,
            "name": "User selects multi-city mode",
            "match": {
              "location": "FlightsPage.user_selects_multi_city_mode()"
            },
            "keyword": "When ",
            "BDD_STEP_UUID": "d131e10c-0c85-4eb4-9abf-762245c94f7f"
          },
          {
            "result": {
              "duration": 514463800,
              "status": "passed"
            },
            "line": 49,
            "name": "User selects Flight1 and verifies",
            "match": {
              "location": "FlightsPage.user_selects_flight1_verifies()"
            },
            "keyword": "When ",
            "BDD_STEP_UUID": "06175100-b9a9-4fd6-bbea-26d5ac340973"
          },
          {
            "result": {
              "duration": 7283622700,
              "status": "passed"
            },
            "line": 50,
            "name": "User selects source and destination",
            "match": {
              "location": "FlightsPage.user_selects_source_destination()"
            },
            "keyword": "When ",
            "BDD_STEP_UUID": "6f01c3ac-76e3-4608-8b90-8beac47ed8ac"
          },
          {
            "result": {
              "duration": 6485348400,
              "status": "passed"
            },
            "line": 51,
            "name": "User Selects date to travel",
            "match": {
              "location": "FlightsPage.user_selects_date_oneway_mode()"
            },
            "keyword": "And ",
            "BDD_STEP_UUID": "68fe57bf-46af-40a1-b91d-29d39e25b98e"
          },
          {
            "result": {
              "duration": 501516800,
              "status": "passed"
            },
            "line": 52,
            "name": "User selects Flight2 and verifes",
            "match": {
              "location": "FlightsPage.user_selects_flight2_verifies()"
            },
            "keyword": "When ",
            "BDD_STEP_UUID": "cf73d15e-b66b-4b08-82f9-2875c5d75d10"
          },
          {
            "result": {
              "duration": 7355277700,
              "status": "passed"
            },
            "line": 53,
            "name": "User selects source and destination",
            "match": {
              "location": "FlightsPage.user_selects_source_destination()"
            },
            "keyword": "When ",
            "BDD_STEP_UUID": "20ade411-6c68-43f1-b548-fd6afeb9ddf2"
          },
          {
            "result": {
              "duration": 6320396100,
              "status": "passed"
            },
            "line": 54,
            "name": "User Selects date to travel",
            "match": {
              "location": "FlightsPage.user_selects_date_oneway_mode()"
            },
            "keyword": "And ",
            "BDD_STEP_UUID": "163fcd0b-2799-4f38-878b-a8b442866dac"
          },
          {
            "result": {
              "duration": 8361717200,
              "status": "passed"
            },
            "line": 55,
            "name": "User Searches for the Flights and adds another flight",
            "match": {
              "location": "FlightsPage.user_searches_for_flights()"
            },
            "keyword": "And ",
            "BDD_STEP_UUID": "8c454a68-8a19-4557-af1c-62ff528aacfe"
          },
          {
            "result": {
              "duration": 6250814800,
              "status": "passed"
            },
            "line": 56,
            "name": "User Selects date to travel",
            "match": {
              "location": "FlightsPage.user_selects_date_oneway_mode()"
            },
            "keyword": "And ",
            "BDD_STEP_UUID": "52a8c56c-11e3-4958-833d-ebba42a42405"
          },
          {
            "result": {
              "duration": 28365536800,
              "status": "passed"
            },
            "line": 57,
            "name": "User clicks Search button and removes one flight",
            "match": {
              "location": "FlightsPage.user_clicks_search_button_removes_flight()"
            },
            "keyword": "Then ",
            "BDD_STEP_UUID": "81cbd90d-8f25-4ea1-9dbf-93c26bdae927"
          }
        ],
        "tags": [
          {
            "name": "@tag"
          },
          {
            "name": "@Multi-city"
          }
        ]
      }
    ],
    "name": "Sign In and FlightsPage",
    "description": "",
    "id": "sign-in-and-flightspage",
    "keyword": "Feature",
    "uri": "C:/Users/shres/git/Demo-WebSite/Include/features/FlightsPage.feature",
    "tags": [
      {
        "name": "@tag",
        "type": "Tag",
        "location": {
          "line": 19,
          "column": 1
        }
      }
    ]
  }
]