Suite/Test/Step Name,Browser,Description,Tag,Start time,End time,Duration,Status
HomePageValidations,Chrome 132.0.0.0,,,02-02-2025 13:56:51,02-02-2025 13:59:31,2m - 40.446s,PASSED
,,,,,,,
Test Cases/HomePageValidations,Chrome 132.0.0.0,,,02-02-2025 13:58:14,02-02-2025 13:59:31,1m - 17.156s,PASSED
Start listener action : sampleBeforeTestCase,Chrome 132.0.0.0,,,02-02-2025 13:58:14,02-02-2025 13:58:14,0.058s,PASSED
Start listener action : sampleBeforeTestCase,Chrome 132.0.0.0,,,02-02-2025 13:58:14,02-02-2025 13:58:14,0.000s,PASSED
"runFeatureFileWithTags(""Include/features/HomePageValidations.feature"", [""@HomePageValidations""])",Chrome 132.0.0.0,,,02-02-2025 13:58:14,02-02-2025 13:59:31,1m - 17.073s,PASSED
Start listener action : sampleAfterTestCase,Chrome 132.0.0.0,,,02-02-2025 13:59:31,02-02-2025 13:59:31,0.000s,PASSED
