Suite/Test/Step Name,Browser,Description,Tag,Start time,End time,Duration,Status
BookingFlight,Chrome 132.0.0.0,,,02-02-2025 19:02:36,02-02-2025 19:15:05,12m - 29.326s,FAILED
,,,,,,,
Test Cases/BookingFlight,Chrome 132.0.0.0,,,02-02-2025 19:10:19,02-02-2025 19:15:05,4m - 46.466s,FAILED
Start listener action : sampleBeforeTestCase,Chrome 132.0.0.0,,,02-02-2025 19:10:19,02-02-2025 19:10:19,0.038s,PASSED
Start listener action : sampleBeforeTestCase,Chrome 132.0.0.0,,,02-02-2025 19:10:19,02-02-2025 19:10:24,5.103s,PASSED
"runFeatureFileWithTags(""Include/features/FlightsPage.feature"", [""@RoundTripBookingFlight""])",Chrome 132.0.0.0,,,02-02-2025 19:10:24,02-02-2025 19:15:05,4m - 40.719s,FAILED
Start listener action : sampleAfterTestCase,Chrome 132.0.0.0,,,02-02-2025 19:15:05,02-02-2025 19:15:05,0.578s,PASSED
