[
  {
    "line": 20,
    "elements": [
      {
        "BDD_TESTRUN_UUID": "8209f2f6-98a2-4548-8052-1d89060f326b",
        "before": [
          {
            "result": {
              "duration": 33129800,
              "status": "passed"
            },
            "match": {
              "location": "JsonData.readJsonData()"
            }
          }
        ],
        "line": 29,
        "name": "User Searches for Flights (RoundTrip)",
        "description": "",
        "id": "sign-in-and-flightspage;user-searches-for-flights-(roundtrip)",
        "type": "scenario",
        "keyword": "Scenario",
        "steps": [
          {
            "result": {
              "duration": 3123721400,
              "status": "passed"
            },
            "line": 30,
            "name": "User comes to Flights Page and verifies the element",
            "match": {
              "location": "FlightsPage.user_comes_to_flights_page_verifies()"
            },
            "keyword": "Given ",
            "BDD_STEP_UUID": "70247926-c524-4889-9ef3-322431fc5ab9"
          },
          {
            "result": {
              "duration": 9623959200,
              "status": "passed"
            },
            "line": 31,
            "name": "User selects source and destination",
            "match": {
              "location": "FlightsPage.user_selects_source_destination()"
            },
            "keyword": "When ",
            "BDD_STEP_UUID": "672eeb7b-28e5-4685-854e-8211b72837e8"
          },
          {
            "result": {
              "duration": 9821191300,
              "status": "passed"
            },
            "line": 32,
            "name": "User selects Departing and Returning dates",
            "match": {
              "location": "FlightsPage.user_selects_departing_returning_dates()"
            },
            "keyword": "When ",
            "BDD_STEP_UUID": "5e5180b0-8e65-4177-94cb-2d948198f8d1"
          },
          {
            "result": {
              "duration": 11782984600,
              "status": "passed"
            },
            "line": 33,
            "name": "User selects number of travellers",
            "match": {
              "location": "FlightsPage.user_selects_number_of_Travellers()"
            },
            "keyword": "When ",
            "BDD_STEP_UUID": "3b95a500-9e56-432a-bf32-b742c8612e9a"
          },
          {
            "result": {
              "duration": 28573090400,
              "status": "passed"
            },
            "line": 34,
            "name": "User clicks the checkBoxes and clicks search button",
            "match": {
              "location": "FlightsPage.user_clicks_the_checkboxes()"
            },
            "keyword": "Then ",
            "BDD_STEP_UUID": "21f3a8f6-feee-4524-a7c5-562983e25637"
          }
        ],
        "tags": [
          {
            "name": "@tag"
          },
          {
            "name": "@Roundtrip"
          }
        ]
      }
    ],
    "name": "Sign In and FlightsPage",
    "description": "",
    "id": "sign-in-and-flightspage",
    "keyword": "Feature",
    "uri": "C:/Users/shres/git/Demo-WebSite/Include/features/FlightsPage.feature",
    "tags": [
      {
        "name": "@tag",
        "type": "Tag",
        "location": {
          "line": 19,
          "column": 1
        }
      }
    ]
  }
]