[
  {
    "line": 20,
    "elements": [
      {
        "line": 22,
        "name": "User navigates to HomePage",
        "description": "",
        "type": "background",
        "keyword": "Background",
        "steps": [
          {
            "result": {
              "duration": 6568083200,
              "status": "passed"
            },
            "line": 23,
            "name": "User comes to the home page",
            "match": {
              "location": "HomePageValidations.user_comes_to_home_page()"
            },
            "keyword": "Given "
          }
        ]
      },
      {
        "before": [
          {
            "result": {
              "duration": 1688500,
              "status": "passed"
            },
            "match": {
              "location": "JsonData.readJsonData()"
            }
          }
        ],
        "line": 26,
        "name": "HomePageValidations",
        "description": "",
        "id": "flightspage-validations;homepagevalidations",
        "type": "scenario",
        "keyword": "Scenario",
        "steps": [
          {
            "result": {
              "duration": 1708003600,
              "status": "passed"
            },
            "line": 27,
            "name": "User comes to Flights Page and verifies the element",
            "match": {
              "location": "FlightsPage.user_comes_to_flights_page_verifies()"
            },
            "keyword": "Given "
          },
          {
            "result": {
              "duration": 20772986500,
              "status": "passed"
            },
            "line": 30,
            "name": "User Scrolls to ThirdBanner,clicks and verifies the elements",
            "match": {
              "location": "HomePageValidations.user_scrolls_to_thirdBanner()"
            },
            "keyword": "When "
          },
          {
            "result": {
              "duration": 25895678700,
              "status": "passed"
            },
            "line": 31,
            "name": "User Scrolls to Resorts,clicks and verifies the elements",
            "match": {
              "location": "HomePageValidations.user_scrolls_to_resorts()"
            },
            "keyword": "When "
          },
          {
            "result": {
              "duration": 12332627000,
              "status": "passed"
            },
            "line": 32,
            "name": "User Scrolls to StartPlanningYourTrip,clicks and verifies the elements",
            "match": {
              "location": "HomePageValidations.user_scroll_to_startPlanningYourTrip_verifies()"
            },
            "keyword": "When "
          },
          {
            "result": {
              "duration": 9694009900,
              "status": "passed"
            },
            "line": 33,
            "name": "User Scrolls to ChatBot,clicks and verifies the grids",
            "match": {
              "location": "HomePageValidations.user_scrolls_to_chatBot_verifies()"
            },
            "keyword": "When "
          }
        ],
        "tags": [
          {
            "name": "@tag"
          },
          {
            "name": "@HomePageValidations"
          }
        ]
      }
    ],
    "name": "FlightsPage Validations",
    "description": "",
    "id": "flightspage-validations",
    "keyword": "Feature",
    "uri": "C:/Users/shres/git/Demo-WebSite/Include/features/HomePageValidations.feature",
    "tags": [
      {
        "name": "@tag",
        "type": "Tag",
        "location": {
          "line": 19,
          "column": 1
        }
      }
    ]
  }
]