[
  {
    "line": 20,
    "elements": [
      {
        "BDD_TESTRUN_UUID": "6576efbd-8d3c-46d9-b156-9e72d90cf33e",
        "line": 22,
        "name": "User navigates to HomePage",
        "description": "",
        "type": "background",
        "keyword": "Background",
        "steps": [
          {
            "result": {
              "duration": 6568083200,
              "status": "passed"
            },
            "line": 23,
            "name": "User comes to the home page",
            "match": {
              "location": "HomePageValidations.user_comes_to_home_page()"
            },
            "keyword": "Given ",
            "BDD_STEP_UUID": "96027bc2-6b77-44c0-991a-ce0d14e73454"
          }
        ]
      },
      {
        "BDD_TESTRUN_UUID": "6576efbd-8d3c-46d9-b156-9e72d90cf33e",
        "before": [
          {
            "result": {
              "duration": 1688500,
              "status": "passed"
            },
            "match": {
              "location": "JsonData.readJsonData()"
            }
          }
        ],
        "line": 26,
        "name": "HomePageValidations",
        "description": "",
        "id": "flightspage-validations;homepagevalidations",
        "type": "scenario",
        "keyword": "Scenario",
        "steps": [
          {
            "result": {
              "duration": 1708003600,
              "status": "passed"
            },
            "line": 27,
            "name": "User comes to Flights Page and verifies the element",
            "match": {
              "location": "FlightsPage.user_comes_to_flights_page_verifies()"
            },
            "keyword": "Given ",
            "BDD_STEP_UUID": "b33f8fe7-e1a3-4070-9848-f2ec53a37044"
          },
          {
            "result": {
              "duration": 20772986500,
              "status": "passed"
            },
            "line": 30,
            "name": "User Scrolls to ThirdBanner,clicks and verifies the elements",
            "match": {
              "location": "HomePageValidations.user_scrolls_to_thirdBanner()"
            },
            "keyword": "When ",
            "BDD_STEP_UUID": "a67ea4ba-a709-45db-948d-4a2c14bf0e25"
          },
          {
            "result": {
              "duration": 25895678700,
              "status": "passed"
            },
            "line": 31,
            "name": "User Scrolls to Resorts,clicks and verifies the elements",
            "match": {
              "location": "HomePageValidations.user_scrolls_to_resorts()"
            },
            "keyword": "When ",
            "BDD_STEP_UUID": "34686bc3-da46-496d-b197-fcd0d63f8622"
          },
          {
            "result": {
              "duration": 12332627000,
              "status": "passed"
            },
            "line": 32,
            "name": "User Scrolls to StartPlanningYourTrip,clicks and verifies the elements",
            "match": {
              "location": "HomePageValidations.user_scroll_to_startPlanningYourTrip_verifies()"
            },
            "keyword": "When ",
            "BDD_STEP_UUID": "84cf71f6-e20c-42ce-b655-3a0bef92f9dd"
          },
          {
            "result": {
              "duration": 9694009900,
              "status": "passed"
            },
            "line": 33,
            "name": "User Scrolls to ChatBot,clicks and verifies the grids",
            "match": {
              "location": "HomePageValidations.user_scrolls_to_chatBot_verifies()"
            },
            "keyword": "When ",
            "BDD_STEP_UUID": "51a6ed13-079a-4cb0-9f97-f2f3dc8126cd"
          }
        ],
        "tags": [
          {
            "name": "@tag"
          },
          {
            "name": "@HomePageValidations"
          }
        ]
      }
    ],
    "name": "FlightsPage Validations",
    "description": "",
    "id": "flightspage-validations",
    "keyword": "Feature",
    "uri": "C:/Users/shres/git/Demo-WebSite/Include/features/HomePageValidations.feature",
    "tags": [
      {
        "name": "@tag",
        "type": "Tag",
        "location": {
          "line": 19,
          "column": 1
        }
      }
    ]
  }
]